Workbook

Sheet Tables
C1: Latency (seconds)
C3: Query | D3: MySQL | E3: MongoDB | H3: Query | I3: Metric | J3: MySQL | K3: MongoDB
C4: q1_top_cities | D4: =IFERROR(AVERAGEIFS(BenchmarkResults!$H:$H,BenchmarkResults!$C:$C,Tables!D$3,BenchmarkResults!$B:$B,Tables!$C4),"N/A") -> 676.7213 | E4: =IFERROR(AVERAGEIFS(BenchmarkResults!$H:$H,BenchmarkResults!$C:$C,Tables!E$3,BenchmarkResults!$B:$B,Tables!$C4),"N/A") -> N/A | H4: q1_top_cities | I4: Average CPU idle % | J4: {=_xlfn.XLOOKUP($I4,CalculatedMetrics!$A$25:$A$40,OFFSET(CalculatedMetrics!$A$25:$A$40,0,MATCH(1,(CalculatedMetrics!$A$1:$AK$1=Tables!J$3)*(CalculatedMetrics!$A$2:$AK$2=Tables!$H4),0)-1))} -> 62.834591 | K4: {=_xlfn.XLOOKUP($I4,CalculatedMetrics!$A$25:$A$40,OFFSET(CalculatedMetrics!$A$25:$A$40,0,MATCH(1,(CalculatedMetrics!$A$1:$AK$1=Tables!K$3)*(CalculatedMetrics!$A$2:$AK$2=Tables!$H4),0)-1))} -> 46.983287
C5: q2_avg_order_city | D5: =IFERROR(AVERAGEIFS(BenchmarkResults!$H:$H,BenchmarkResults!$C:$C,Tables!D$3,BenchmarkResults!$B:$B,Tables!$C5),"N/A") -> 383.16443 | E5: =IFERROR(AVERAGEIFS(BenchmarkResults!$H:$H,BenchmarkResults!$C:$C,Tables!E$3,BenchmarkResults!$B:$B,Tables!$C5),"N/A") -> 3289.542 | H5: =H4 -> q1_top_cities | I5: Δ swpd (KB) | J5: {=_xlfn.XLOOKUP($I5,CalculatedMetrics!$A$25:$A$40,OFFSET(CalculatedMetrics!$A$25:$A$40,0,MATCH(1,(CalculatedMetrics!$A$1:$AK$1=Tables!J$3)*(CalculatedMetrics!$A$2:$AK$2=Tables!$H5),0)-1))} -> 790993.33 | K5: {=_xlfn.XLOOKUP($I5,CalculatedMetrics!$A$25:$A$40,OFFSET(CalculatedMetrics!$A$25:$A$40,0,MATCH(1,(CalculatedMetrics!$A$1:$AK$1=Tables!K$3)*(CalculatedMetrics!$A$2:$AK$2=Tables!$H5),0)-1))} -> 80896
C6: q3_customer_spend_stats | D6: =IFERROR(AVERAGEIFS(BenchmarkResults!$H:$H,BenchmarkResults!$C:$C,Tables!D$3,BenchmarkResults!$B:$B,Tables!$C6),"N/A") -> 123.3866 | E6: =IFERROR(AVERAGEIFS(BenchmarkResults!$H:$H,BenchmarkResults!$C:$C,Tables!E$3,BenchmarkResults!$B:$B,Tables!$C6),"N/A") -> 226.09473 | H6: =H5 -> q1_top_cities | I6: Average swap in (KB/sec) | J6: {=_xlfn.XLOOKUP($I6,CalculatedMetrics!$A$25:$A$40,OFFSET(CalculatedMetrics!$A$25:$A$40,0,MATCH(1,(CalculatedMetrics!$A$1:$AK$1=Tables!J$3)*(CalculatedMetrics!$A$2:$AK$2=Tables!$H6),0)-1))} -> 16.09839 | K6: {=_xlfn.XLOOKUP($I6,CalculatedMetrics!$A$25:$A$40,OFFSET(CalculatedMetrics!$A$25:$A$40,0,MATCH(1,(CalculatedMetrics!$A$1:$AK$1=Tables!K$3)*(CalculatedMetrics!$A$2:$AK$2=Tables!$H6),0)-1))} -> 6.6044568
C7: q4_category_revenue | D7: =IFERROR(AVERAGEIFS(BenchmarkResults!$H:$H,BenchmarkResults!$C:$C,Tables!D$3,BenchmarkResults!$B:$B,Tables!$C7),"N/A") -> 197.9257 | E7: =IFERROR(AVERAGEIFS(BenchmarkResults!$H:$H,BenchmarkResults!$C:$C,Tables!E$3,BenchmarkResults!$B:$B,Tables!$C7),"N/A") -> 2491.3991 | H7: =H6 -> q1_top_cities | I7: Average swap out (KB/sec) | J7: {=_xlfn.XLOOKUP($I7,CalculatedMetrics!$A$25:$A$40,OFFSET(CalculatedMetrics!$A$25:$A$40,0,MATCH(1,(CalculatedMetrics!$A$1:$AK$1=Tables!J$3)*(CalculatedMetrics!$A$2:$AK$2=Tables!$H7),0)-1))} -> 29 | K7: {=_xlfn.XLOOKUP($I7,CalculatedMetrics!$A$25:$A$40,OFFSET(CalculatedMetrics!$A$25:$A$40,0,MATCH(1,(CalculatedMetrics!$A$1:$AK$1=Tables!K$3)*(CalculatedMetrics!$A$2:$AK$2=Tables!$H7),0)-1))} -> 5527
C8: q5_top_customers | D8: =IFERROR(AVERAGEIFS(BenchmarkResults!$H:$H,BenchmarkResults!$C:$C,Tables!D$3,BenchmarkResults!$B:$B,Tables!$C8),"N/A") -> 553.5006 | E8: =IFERROR(AVERAGEIFS(BenchmarkResults!$H:$H,BenchmarkResults!$C:$C,Tables!E$3,BenchmarkResults!$B:$B,Tables!$C8),"N/A") -> 176.9879 | H8: q2_avg_order_city | I8: Average CPU idle % | J8: {=_xlfn.XLOOKUP($I8,CalculatedMetrics!$A$25:$A$40,OFFSET(CalculatedMetrics!$A$25:$A$40,0,MATCH(1,(CalculatedMetrics!$A$1:$AK$1=Tables!J$3)*(CalculatedMetrics!$A$2:$AK$2=Tables!$H8),0)-1))} -> 62.333564 | K8: {=_xlfn.XLOOKUP($I8,CalculatedMetrics!$A$25:$A$40,OFFSET(CalculatedMetrics!$A$25:$A$40,0,MATCH(1,(CalculatedMetrics!$A$1:$AK$1=Tables!K$3)*(CalculatedMetrics!$A$2:$AK$2=Tables!$H8),0)-1))} -> 64.467526
C9: q6_inactive_customers | D9: =IFERROR(AVERAGEIFS(BenchmarkResults!$H:$H,BenchmarkResults!$C:$C,Tables!D$3,BenchmarkResults!$B:$B,Tables!$C9),"N/A") -> 466.39043 | E9: =IFERROR(AVERAGEIFS(BenchmarkResults!$H:$H,BenchmarkResults!$C:$C,Tables!E$3,BenchmarkResults!$B:$B,Tables!$C9),"N/A") -> 2554.9402 | H9: =H8 -> q2_avg_order_city | I9: Δ swpd (KB) | J9: {=_xlfn.XLOOKUP($I9,CalculatedMetrics!$A$25:$A$40,OFFSET(CalculatedMetrics!$A$25:$A$40,0,MATCH(1,(CalculatedMetrics!$A$1:$AK$1=Tables!J$3)*(CalculatedMetrics!$A$2:$AK$2=Tables!$H9),0)-1))} -> -226286.67 | K9: {=_xlfn.XLOOKUP($I9,CalculatedMetrics!$A$25:$A$40,OFFSET(CalculatedMetrics!$A$25:$A$40,0,MATCH(1,(CalculatedMetrics!$A$1:$AK$1=Tables!K$3)*(CalculatedMetrics!$A$2:$AK$2=Tables!$H9),0)-1))} -> -682.66667
H10: =H9 -> q2_avg_order_city | I10: Average swap in (KB/sec) | J10: {=_xlfn.XLOOKUP($I10,CalculatedMetrics!$A$25:$A$40,OFFSET(CalculatedMetrics!$A$25:$A$40,0,MATCH(1,(CalculatedMetrics!$A$1:$AK$1=Tables!J$3)*(CalculatedMetrics!$A$2:$AK$2=Tables!$H10),0)-1))} -> 7.4920305 | K10: {=_xlfn.XLOOKUP($I10,CalculatedMetrics!$A$25:$A$40,OFFSET(CalculatedMetrics!$A$25:$A$40,0,MATCH(1,(CalculatedMetrics!$A$1:$AK$1=Tables!K$3)*(CalculatedMetrics!$A$2:$AK$2=Tables!$H10),0)-1))} -> 0.45254606
C11: CPU usage | H11: =H10 -> q2_avg_order_city | I11: Average swap out (KB/sec) | J11: {=_xlfn.XLOOKUP($I11,CalculatedMetrics!$A$25:$A$40,OFFSET(CalculatedMetrics!$A$25:$A$40,0,MATCH(1,(CalculatedMetrics!$A$1:$AK$1=Tables!J$3)*(CalculatedMetrics!$A$2:$AK$2=Tables!$H11),0)-1))} -> 0 | K11: {=_xlfn.XLOOKUP($I11,CalculatedMetrics!$A$25:$A$40,OFFSET(CalculatedMetrics!$A$25:$A$40,0,MATCH(1,(CalculatedMetrics!$A$1:$AK$1=Tables!K$3)*(CalculatedMetrics!$A$2:$AK$2=Tables!$H11),0)-1))} -> 10.333333
H12: q3_customer_spend_stats | I12: Average CPU idle % | J12: {=_xlfn.XLOOKUP($I12,CalculatedMetrics!$A$25:$A$40,OFFSET(CalculatedMetrics!$A$25:$A$40,0,MATCH(1,(CalculatedMetrics!$A$1:$AK$1=Tables!J$3)*(CalculatedMetrics!$A$2:$AK$2=Tables!$H12),0)-1))} -> 81.553535 | K12: {=_xlfn.XLOOKUP($I12,CalculatedMetrics!$A$25:$A$40,OFFSET(CalculatedMetrics!$A$25:$A$40,0,MATCH(1,(CalculatedMetrics!$A$1:$AK$1=Tables!K$3)*(CalculatedMetrics!$A$2:$AK$2=Tables!$H12),0)-1))} -> 62.314394
B13: Query | C13: Metric | D13: MySQL | E13: MongoDB | H13: =H12 -> q3_customer_spend_stats | I13: Δ swpd (KB) | J13: {=_xlfn.XLOOKUP($I13,CalculatedMetrics!$A$25:$A$40,OFFSET(CalculatedMetrics!$A$25:$A$40,0,MATCH(1,(CalculatedMetrics!$A$1:$AK$1=Tables!J$3)*(CalculatedMetrics!$A$2:$AK$2=Tables!$H13),0)-1))} -> 70625.333 | K13: {=_xlfn.XLOOKUP($I13,CalculatedMetrics!$A$25:$A$40,OFFSET(CalculatedMetrics!$A$25:$A$40,0,MATCH(1,(CalculatedMetrics!$A$1:$AK$1=Tables!K$3)*(CalculatedMetrics!$A$2:$AK$2=Tables!$H13),0)-1))} -> -1621.3333
B14: q1_top_cities | C14: Avg. CPU usage % | D14: =IFERROR(AVERAGEIFS(mysql_hardware_log!$O$3:$O$722,mysql_hardware_log!$A$3:$A$722,B14),"N/A") -> 32.267327 | E14: =IFERROR(AVERAGEIFS(mongodb_hardware_log!$O$3:$O$3476,mongodb_hardware_log!$A$3:$A$3476,B14),"N/A") -> 20.320334 | H14: =H13 -> q3_customer_spend_stats | I14: Average swap in (KB/sec) | J14: {=_xlfn.XLOOKUP($I14,CalculatedMetrics!$A$25:$A$40,OFFSET(CalculatedMetrics!$A$25:$A$40,0,MATCH(1,(CalculatedMetrics!$A$1:$AK$1=Tables!J$3)*(CalculatedMetrics!$A$2:$AK$2=Tables!$H14),0)-1))} -> 0.17171717 | K14: {=_xlfn.XLOOKUP($I14,CalculatedMetrics!$A$25:$A$40,OFFSET(CalculatedMetrics!$A$25:$A$40,0,MATCH(1,(CalculatedMetrics!$A$1:$AK$1=Tables!K$3)*(CalculatedMetrics!$A$2:$AK$2=Tables!$H14),0)-1))} -> 20.877525
C15: Avg. CPU wait % | D15: =IFERROR(AVERAGEIFS(mysql_hardware_log!$R$3:$R$722,mysql_hardware_log!$A$3:$A$722,B14),"N/A") -> 1.2722772 | E15: =IFERROR(AVERAGEIFS(mongodb_hardware_log!$R$3:$R$3476,mongodb_hardware_log!$A$3:$A$3476,B14),"N/A") -> 24.827298 | H15: =H14 -> q3_customer_spend_stats | I15: Average swap out (KB/sec) | J15: {=_xlfn.XLOOKUP($I15,CalculatedMetrics!$A$25:$A$40,OFFSET(CalculatedMetrics!$A$25:$A$40,0,MATCH(1,(CalculatedMetrics!$A$1:$AK$1=Tables!J$3)*(CalculatedMetrics!$A$2:$AK$2=Tables!$H15),0)-1))} -> 0 | K15: {=_xlfn.XLOOKUP($I15,CalculatedMetrics!$A$25:$A$40,OFFSET(CalculatedMetrics!$A$25:$A$40,0,MATCH(1,(CalculatedMetrics!$A$1:$AK$1=Tables!K$3)*(CalculatedMetrics!$A$2:$AK$2=Tables!$H15),0)-1))} -> 310
B16: q2_avg_order_city | C16: Avg. CPU usage % | D16: =IFERROR(AVERAGEIFS(mysql_hardware_log!$O$3:$O$722,mysql_hardware_log!$A$3:$A$722,B16),"N/A") -> 30.095652 | E16: =IFERROR(AVERAGEIFS(mongodb_hardware_log!$O$3:$O$3476,mongodb_hardware_log!$A$3:$A$3476,B16),"N/A") -> 33.256332 | H16: q4_category_revenue | I16: Average CPU idle % | J16: {=_xlfn.XLOOKUP($I16,CalculatedMetrics!$A$25:$A$40,OFFSET(CalculatedMetrics!$A$25:$A$40,0,MATCH(1,(CalculatedMetrics!$A$1:$AK$1=Tables!J$3)*(CalculatedMetrics!$A$2:$AK$2=Tables!$H16),0)-1))} -> 60.944444 | K16: {=_xlfn.XLOOKUP($I16,CalculatedMetrics!$A$25:$A$40,OFFSET(CalculatedMetrics!$A$25:$A$40,0,MATCH(1,(CalculatedMetrics!$A$1:$AK$1=Tables!K$3)*(CalculatedMetrics!$A$2:$AK$2=Tables!$H16),0)-1))} -> 47.505369
C17: Avg. CPU wait % | D17: =IFERROR(AVERAGEIFS(mysql_hardware_log!$R$3:$R$722,mysql_hardware_log!$A$3:$A$722,B16),"N/A") -> 3.5304348 | E17: =IFERROR(AVERAGEIFS(mongodb_hardware_log!$R$3:$R$3476,mongodb_hardware_log!$A$3:$A$3476,B16),"N/A") -> 0.28368794 | H17: =H16 -> q4_category_revenue | I17: Δ swpd (KB) | J17: {=_xlfn.XLOOKUP($I17,CalculatedMetrics!$A$25:$A$40,OFFSET(CalculatedMetrics!$A$25:$A$40,0,MATCH(1,(CalculatedMetrics!$A$1:$AK$1=Tables!J$3)*(CalculatedMetrics!$A$2:$AK$2=Tables!$H17),0)-1))} -> -110541.33 | K17: {=_xlfn.XLOOKUP($I17,CalculatedMetrics!$A$25:$A$40,OFFSET(CalculatedMetrics!$A$25:$A$40,0,MATCH(1,(CalculatedMetrics!$A$1:$AK$1=Tables!K$3)*(CalculatedMetrics!$A$2:$AK$2=Tables!$H17),0)-1))} -> 25770.667
B18: q3_customer_spend_stats | C18: Avg. CPU usage % | D18: =IFERROR(AVERAGEIFS(mysql_hardware_log!$O$3:$O$722,mysql_hardware_log!$A$3:$A$722,B18),"N/A") -> 11.891892 | E18: =IFERROR(AVERAGEIFS(mongodb_hardware_log!$O$3:$O$3476,mongodb_hardware_log!$A$3:$A$3476,B18),"N/A") -> 30.617647 | H18: =H17 -> q4_category_revenue | I18: Average swap in (KB/sec) | J18: {=_xlfn.XLOOKUP($I18,CalculatedMetrics!$A$25:$A$40,OFFSET(CalculatedMetrics!$A$25:$A$40,0,MATCH(1,(CalculatedMetrics!$A$1:$AK$1=Tables!J$3)*(CalculatedMetrics!$A$2:$AK$2=Tables!$H18),0)-1))} -> 30.958333 | K18: {=_xlfn.XLOOKUP($I18,CalculatedMetrics!$A$25:$A$40,OFFSET(CalculatedMetrics!$A$25:$A$40,0,MATCH(1,(CalculatedMetrics!$A$1:$AK$1=Tables!K$3)*(CalculatedMetrics!$A$2:$AK$2=Tables!$H18),0)-1))} -> 15.018425
C19: Avg. CPU wait % | D19: =IFERROR(AVERAGEIFS(mysql_hardware_log!$R$3:$R$722,mysql_hardware_log!$A$3:$A$722,B18),"N/A") -> 4.3243243 | E19: =IFERROR(AVERAGEIFS(mongodb_hardware_log!$R$3:$R$3476,mongodb_hardware_log!$A$3:$A$3476,B18),"N/A") -> 3.7352941 | H19: =H18 -> q4_category_revenue | I19: Average swap out (KB/sec) | J19: {=_xlfn.XLOOKUP($I19,CalculatedMetrics!$A$25:$A$40,OFFSET(CalculatedMetrics!$A$25:$A$40,0,MATCH(1,(CalculatedMetrics!$A$1:$AK$1=Tables!J$3)*(CalculatedMetrics!$A$2:$AK$2=Tables!$H19),0)-1))} -> 0 | K19: {=_xlfn.XLOOKUP($I19,CalculatedMetrics!$A$25:$A$40,OFFSET(CalculatedMetrics!$A$25:$A$40,0,MATCH(1,(CalculatedMetrics!$A$1:$AK$1=Tables!K$3)*(CalculatedMetrics!$A$2:$AK$2=Tables!$H19),0)-1))} -> 2103.6667
B20: q4_category_revenue | C20: Avg. CPU usage % | D20: =IFERROR(AVERAGEIFS(mysql_hardware_log!$O$3:$O$722,mysql_hardware_log!$A$3:$A$722,B20),"N/A") -> 36.216667 | E20: =IFERROR(AVERAGEIFS(mongodb_hardware_log!$O$3:$O$3476,mongodb_hardware_log!$A$3:$A$3476,B20),"N/A") -> 19.481928 | H20: q5_top_customers | I20: Average CPU idle % | J20: {=_xlfn.XLOOKUP($I20,CalculatedMetrics!$A$25:$A$40,OFFSET(CalculatedMetrics!$A$25:$A$40,0,MATCH(1,(CalculatedMetrics!$A$1:$AK$1=Tables!J$3)*(CalculatedMetrics!$A$2:$AK$2=Tables!$H20),0)-1))} -> 56.090999 | K20: {=_xlfn.XLOOKUP($I20,CalculatedMetrics!$A$25:$A$40,OFFSET(CalculatedMetrics!$A$25:$A$40,0,MATCH(1,(CalculatedMetrics!$A$1:$AK$1=Tables!K$3)*(CalculatedMetrics!$A$2:$AK$2=Tables!$H20),0)-1))} -> 60.485839
C21: Avg. CPU wait % | D21: =IFERROR(AVERAGEIFS(mysql_hardware_log!$R$3:$R$722,mysql_hardware_log!$A$3:$A$722,B20),"N/A") -> 0.05 | E21: =IFERROR(AVERAGEIFS(mongodb_hardware_log!$R$3:$R$3476,mongodb_hardware_log!$A$3:$A$3476,B20),"N/A") -> 24.635877 | H21: =H20 -> q5_top_customers | I21: Δ swpd (KB) | J21: {=_xlfn.XLOOKUP($I21,CalculatedMetrics!$A$25:$A$40,OFFSET(CalculatedMetrics!$A$25:$A$40,0,MATCH(1,(CalculatedMetrics!$A$1:$AK$1=Tables!J$3)*(CalculatedMetrics!$A$2:$AK$2=Tables!$H21),0)-1))} -> 189834.67 | K21: {=_xlfn.XLOOKUP($I21,CalculatedMetrics!$A$25:$A$40,OFFSET(CalculatedMetrics!$A$25:$A$40,0,MATCH(1,(CalculatedMetrics!$A$1:$AK$1=Tables!K$3)*(CalculatedMetrics!$A$2:$AK$2=Tables!$H21),0)-1))} -> 0
B22: q5_top_customers | C22: Avg. CPU usage % | D22: =IFERROR(AVERAGEIFS(mysql_hardware_log!$O$3:$O$722,mysql_hardware_log!$A$3:$A$722,B22),"N/A") -> 36.10241 | E22: =IFERROR(AVERAGEIFS(mongodb_hardware_log!$O$3:$O$3476,mongodb_hardware_log!$A$3:$A$3476,B22),"N/A") -> 30 | H22: =H21 -> q5_top_customers | I22: Average swap in (KB/sec) | J22: {=_xlfn.XLOOKUP($I22,CalculatedMetrics!$A$25:$A$40,OFFSET(CalculatedMetrics!$A$25:$A$40,0,MATCH(1,(CalculatedMetrics!$A$1:$AK$1=Tables!J$3)*(CalculatedMetrics!$A$2:$AK$2=Tables!$H22),0)-1))} -> 15.729148 | K22: {=_xlfn.XLOOKUP($I22,CalculatedMetrics!$A$25:$A$40,OFFSET(CalculatedMetrics!$A$25:$A$40,0,MATCH(1,(CalculatedMetrics!$A$1:$AK$1=Tables!K$3)*(CalculatedMetrics!$A$2:$AK$2=Tables!$H22),0)-1))} -> 35.27451
C23: Avg. CPU wait % | D23: =IFERROR(AVERAGEIFS(mysql_hardware_log!$R$3:$R$722,mysql_hardware_log!$A$3:$A$722,B22),"N/A") -> 2.8373494 | E23: =IFERROR(AVERAGEIFS(mongodb_hardware_log!$R$3:$R$3476,mongodb_hardware_log!$A$3:$A$3476,B22),"N/A") -> 6.2264151 | H23: =H22 -> q5_top_customers | I23: Average swap out (KB/sec) | J23: {=_xlfn.XLOOKUP($I23,CalculatedMetrics!$A$25:$A$40,OFFSET(CalculatedMetrics!$A$25:$A$40,0,MATCH(1,(CalculatedMetrics!$A$1:$AK$1=Tables!J$3)*(CalculatedMetrics!$A$2:$AK$2=Tables!$H23),0)-1))} -> 37 | K23: {=_xlfn.XLOOKUP($I23,CalculatedMetrics!$A$25:$A$40,OFFSET(CalculatedMetrics!$A$25:$A$40,0,MATCH(1,(CalculatedMetrics!$A$1:$AK$1=Tables!K$3)*(CalculatedMetrics!$A$2:$AK$2=Tables!$H23),0)-1))} -> 460.33333
B24: q6_inactive_customers | C24: Avg. CPU usage % | D24: =IFERROR(AVERAGEIFS(mysql_hardware_log!$O$3:$O$722,mysql_hardware_log!$A$3:$A$722,B24),"N/A") -> 22.735714 | E24: =IFERROR(AVERAGEIFS(mongodb_hardware_log!$O$3:$O$3476,mongodb_hardware_log!$A$3:$A$3476,B24),"N/A") -> 33.839683 | H24: q6_inactive_customers | I24: Average CPU idle % | J24: {=_xlfn.XLOOKUP($I24,CalculatedMetrics!$A$25:$A$40,OFFSET(CalculatedMetrics!$A$25:$A$40,0,MATCH(1,(CalculatedMetrics!$A$1:$AK$1=Tables!J$3)*(CalculatedMetrics!$A$2:$AK$2=Tables!$H24),0)-1))} -> 61.851449 | K24: {=_xlfn.XLOOKUP($I24,CalculatedMetrics!$A$25:$A$40,OFFSET(CalculatedMetrics!$A$25:$A$40,0,MATCH(1,(CalculatedMetrics!$A$1:$AK$1=Tables!K$3)*(CalculatedMetrics!$A$2:$AK$2=Tables!$H24),0)-1))} -> 63.498676
C25: Avg. CPU wait % | D25: =IFERROR(AVERAGEIFS(mysql_hardware_log!$R$3:$R$722,mysql_hardware_log!$A$3:$A$722,B24),"N/A") -> 3.4714286 | E25: =IFERROR(AVERAGEIFS(mongodb_hardware_log!$R$3:$R$3476,mongodb_hardware_log!$A$3:$A$3476,B24),"N/A") -> 0.67857143 | H25: =H24 -> q6_inactive_customers | I25: Δ swpd (KB) | J25: {=_xlfn.XLOOKUP($I25,CalculatedMetrics!$A$25:$A$40,OFFSET(CalculatedMetrics!$A$25:$A$40,0,MATCH(1,(CalculatedMetrics!$A$1:$AK$1=Tables!J$3)*(CalculatedMetrics!$A$2:$AK$2=Tables!$H25),0)-1))} -> -187777.33 | K25: {=_xlfn.XLOOKUP($I25,CalculatedMetrics!$A$25:$A$40,OFFSET(CalculatedMetrics!$A$25:$A$40,0,MATCH(1,(CalculatedMetrics!$A$1:$AK$1=Tables!K$3)*(CalculatedMetrics!$A$2:$AK$2=Tables!$H25),0)-1))} -> -7850.6667
H26: =H25 -> q6_inactive_customers | I26: Average swap in (KB/sec) | J26: {=_xlfn.XLOOKUP($I26,CalculatedMetrics!$A$25:$A$40,OFFSET(CalculatedMetrics!$A$25:$A$40,0,MATCH(1,(CalculatedMetrics!$A$1:$AK$1=Tables!J$3)*(CalculatedMetrics!$A$2:$AK$2=Tables!$H26),0)-1))} -> 0.15791063 | K26: {=_xlfn.XLOOKUP($I26,CalculatedMetrics!$A$25:$A$40,OFFSET(CalculatedMetrics!$A$25:$A$40,0,MATCH(1,(CalculatedMetrics!$A$1:$AK$1=Tables!K$3)*(CalculatedMetrics!$A$2:$AK$2=Tables!$H26),0)-1))} -> 3.2302342
C27: Memory usage | H27: =H26 -> q6_inactive_customers | I27: Average swap out (KB/sec) | J27: {=_xlfn.XLOOKUP($I27,CalculatedMetrics!$A$25:$A$40,OFFSET(CalculatedMetrics!$A$25:$A$40,0,MATCH(1,(CalculatedMetrics!$A$1:$AK$1=Tables!J$3)*(CalculatedMetrics!$A$2:$AK$2=Tables!$H27),0)-1))} -> 236 | K27: {=_xlfn.XLOOKUP($I27,CalculatedMetrics!$A$25:$A$40,OFFSET(CalculatedMetrics!$A$25:$A$40,0,MATCH(1,(CalculatedMetrics!$A$1:$AK$1=Tables!K$3)*(CalculatedMetrics!$A$2:$AK$2=Tables!$H27),0)-1))} -> 0
B29: Query | C29: Metric | D29: MySQL | E29: MongoDB
B30: q1_top_cities | C30: Avg. free mem. (MB) | D30: =AVERAGEIFS(mysql_hardware_log!$F$3:$F$722,mysql_hardware_log!$A$3:$A$722,B30)/1024 -> 335.94589 | E30: =AVERAGEIFS(mongodb_hardware_log!$F$3:$F$3476,mongodb_hardware_log!$A$3:$A$3476,B30)/1024 -> 149.01238
C31: Min. free mem. (MB) | D31: =_xlfn.MINIFS(mysql_hardware_log!$F$3:$F$722,mysql_hardware_log!$A$3:$A$722,B30)/1024 -> 95.199219 | E31: =_xlfn.MINIFS(mongodb_hardware_log!$F$3:$F$3476,mongodb_hardware_log!$A$3:$A$3476,B30)/1024 -> 97.078125
B32: q2_avg_order_city | C32: Avg. free mem. (MB) | D32: =AVERAGEIFS(mysql_hardware_log!$F$3:$F$722,mysql_hardware_log!$A$3:$A$722,B32)/1024 -> 199.13427 | E32: =AVERAGEIFS(mongodb_hardware_log!$F$3:$F$3476,mongodb_hardware_log!$A$3:$A$3476,B32)/1024 -> 489.29236
C33: Min. free mem. (MB) | D33: =_xlfn.MINIFS(mysql_hardware_log!$F$3:$F$722,mysql_hardware_log!$A$3:$A$722,B32)/1024 -> 101.78906 | E33: =_xlfn.MINIFS(mongodb_hardware_log!$F$3:$F$3476,mongodb_hardware_log!$A$3:$A$3476,B32)/1024 -> 97.617188
B34: q3_customer_spend_stats | C34: Avg. free mem. (MB) | D34: =AVERAGEIFS(mysql_hardware_log!$F$3:$F$722,mysql_hardware_log!$A$3:$A$722,B34)/1024 -> 556.35674 | E34: =AVERAGEIFS(mongodb_hardware_log!$F$3:$F$3476,mongodb_hardware_log!$A$3:$A$3476,B34)/1024 -> 180.68825
C35: Min. free mem. (MB) | D35: =_xlfn.MINIFS(mysql_hardware_log!$F$3:$F$722,mysql_hardware_log!$A$3:$A$722,B34)/1024 -> 104.07031 | E35: =_xlfn.MINIFS(mongodb_hardware_log!$F$3:$F$3476,mongodb_hardware_log!$A$3:$A$3476,B34)/1024 -> 100.66406
B36: q4_category_revenue | C36: Avg. free mem. (MB) | D36: =AVERAGEIFS(mysql_hardware_log!$F$3:$F$722,mysql_hardware_log!$A$3:$A$722,B36)/1024 -> 1084.8531 | E36: =AVERAGEIFS(mongodb_hardware_log!$F$3:$F$3476,mongodb_hardware_log!$A$3:$A$3476,B36)/1024 -> 143.157
C37: Min. free mem. (MB) | D37: =_xlfn.MINIFS(mysql_hardware_log!$F$3:$F$722,mysql_hardware_log!$A$3:$A$722,B36)/1024 -> 176.44531 | E37: =_xlfn.MINIFS(mongodb_hardware_log!$F$3:$F$3476,mongodb_hardware_log!$A$3:$A$3476,B36)/1024 -> 96.058594
B38: q5_top_customers | C38: Avg. free mem. (MB) | D38: =AVERAGEIFS(mysql_hardware_log!$F$3:$F$722,mysql_hardware_log!$A$3:$A$722,B38)/1024 -> 532.32354 | E38: =AVERAGEIFS(mongodb_hardware_log!$F$3:$F$3476,mongodb_hardware_log!$A$3:$A$3476,B38)/1024 -> 149.46123
C39: Min. free mem. (MB) | D39: =_xlfn.MINIFS(mysql_hardware_log!$F$3:$F$722,mysql_hardware_log!$A$3:$A$722,B38)/1024 -> 97.003906 | E39: =_xlfn.MINIFS(mongodb_hardware_log!$F$3:$F$3476,mongodb_hardware_log!$A$3:$A$3476,B38)/1024 -> 102.67969
B40: q6_inactive_customers | C40: Avg. free mem. (MB) | D40: =AVERAGEIFS(mysql_hardware_log!$F$3:$F$722,mysql_hardware_log!$A$3:$A$722,B40)/1024 -> 1076.7036 | E40: =AVERAGEIFS(mongodb_hardware_log!$F$3:$F$3476,mongodb_hardware_log!$A$3:$A$3476,B40)/1024 -> 311.1291
C41: Min. free mem. (MB) | D41: =_xlfn.MINIFS(mysql_hardware_log!$F$3:$F$722,mysql_hardware_log!$A$3:$A$722,B40)/1024 -> 104.85547 | E41: =_xlfn.MINIFS(mongodb_hardware_log!$F$3:$F$3476,mongodb_hardware_log!$A$3:$A$3476,B40)/1024 -> 101.92578

Sheet CalculatedMetrics
A1: System | B1: MongoDB | E1: MongoDB | H1: MongoDB | K1: MongoDB | N1: MongoDB | Q1: MongoDB | T1: MySQL | W1: MySQL | Z1: MySQL | AC1: MySQL | AF1: MySQL | AI1: MySQL
A2: Query | B2: q1_top_cities | E2: q2_avg_order_city | H2: q3_customer_spend_stats | K2: q4_category_revenue | N2: q5_top_customers | Q2: q6_inactive_customers | T2: q1_top_cities | W2: q2_avg_order_city | Z2: q3_customer_spend_stats | AC2: q4_category_revenue | AF2: q5_top_customers | AI2: q6_inactive_customers
A3: Iteration | B3: 1 | C3: 2 | D3: 3 | E3: 1 | F3: 2 | G3: 3 | H3: 1 | I3: 2 | J3: 3 | K3: 1 | L3: 2 | M3: 3 | N3: 1 | O3: 2 | P3: 3 | Q3: 1 | R3: 2 | S3: 3 | T3: 1 | U3: 2 | V3: 3 | W3: 1 | X3: 2 | Y3: 3 | Z3: 1 | AA3: 2 | AB3: 3 | AC3: 1 | AD3: 2 | AE3: 3 | AF3: 1 | AG3: 2 | AH3: 3 | AI3: 1 | AJ3: 2 | AK3: 3
A4: Latency (secs) | B4: N/A | C4: DNR | D4: DNR | E4: {=INDEX(BenchmarkResults!$B$2:$L$35,MATCH(1,(BenchmarkResults!$C$2:$C$35=CalculatedMetrics!E$1)*(BenchmarkResults!$B$2:$B$35=CalculatedMetrics!E$2)*(BenchmarkResults!$D$2:$D$35=CalculatedMetrics!E$3),0),7)} -> 3314.6677 | F4: {=INDEX(BenchmarkResults!$B$2:$L$35,MATCH(1,(BenchmarkResults!$C$2:$C$35=CalculatedMetrics!E$1)*(BenchmarkResults!$B$2:$B$35=CalculatedMetrics!E$2)*(BenchmarkResults!$D$2:$D$35=CalculatedMetrics!F$3),0),7)} -> 3337.8917 | G4: {=INDEX(BenchmarkResults!$B$2:$L$35,MATCH(1,(BenchmarkResults!$C$2:$C$35=CalculatedMetrics!E$1)*(BenchmarkResults!$B$2:$B$35=CalculatedMetrics!E$2)*(BenchmarkResults!$D$2:$D$35=CalculatedMetrics!G$3),0),7)} -> 3216.0666 | H4: {=INDEX(BenchmarkResults!$B$2:$L$35,MATCH(1,(BenchmarkResults!$C$2:$C$35=CalculatedMetrics!H$1)*(BenchmarkResults!$B$2:$B$35=CalculatedMetrics!H$2)*(BenchmarkResults!$D$2:$D$35=CalculatedMetrics!H$3),0),7)} -> 236.3744 | I4: {=INDEX(BenchmarkResults!$B$2:$L$35,MATCH(1,(BenchmarkResults!$C$2:$C$35=CalculatedMetrics!H$1)*(BenchmarkResults!$B$2:$B$35=CalculatedMetrics!H$2)*(BenchmarkResults!$D$2:$D$35=CalculatedMetrics!I$3),0),7)} -> 222.6706 | J4: {=INDEX(BenchmarkResults!$B$2:$L$35,MATCH(1,(BenchmarkResults!$C$2:$C$35=CalculatedMetrics!H$1)*(BenchmarkResults!$B$2:$B$35=CalculatedMetrics!H$2)*(BenchmarkResults!$D$2:$D$35=CalculatedMetrics!J$3),0),7)} -> 219.2392 | K4: {=INDEX(BenchmarkResults!$B$2:$L$35,MATCH(1,(BenchmarkResults!$C$2:$C$35=CalculatedMetrics!K$1)*(BenchmarkResults!$B$2:$B$35=CalculatedMetrics!K$2)*(BenchmarkResults!$D$2:$D$35=CalculatedMetrics!K$3),0),7)} -> 2439.8207 | L4: {=INDEX(BenchmarkResults!$B$2:$L$35,MATCH(1,(BenchmarkResults!$C$2:$C$35=CalculatedMetrics!K$1)*(BenchmarkResults!$B$2:$B$35=CalculatedMetrics!K$2)*(BenchmarkResults!$D$2:$D$35=CalculatedMetrics!L$3),0),7)} -> 2498.857 | M4: {=INDEX(BenchmarkResults!$B$2:$L$35,MATCH(1,(BenchmarkResults!$C$2:$C$35=CalculatedMetrics!K$1)*(BenchmarkResults!$B$2:$B$35=CalculatedMetrics!K$2)*(BenchmarkResults!$D$2:$D$35=CalculatedMetrics!M$3),0),7)} -> 2535.5197 | N4: {=INDEX(BenchmarkResults!$B$2:$L$35,MATCH(1,(BenchmarkResults!$C$2:$C$35=CalculatedMetrics!N$1)*(BenchmarkResults!$B$2:$B$35=CalculatedMetrics!N$2)*(BenchmarkResults!$D$2:$D$35=CalculatedMetrics!N$3),0),7)} -> 176.5896 | O4: {=INDEX(BenchmarkResults!$B$2:$L$35,MATCH(1,(BenchmarkResults!$C$2:$C$35=CalculatedMetrics!N$1)*(BenchmarkResults!$B$2:$B$35=CalculatedMetrics!N$2)*(BenchmarkResults!$D$2:$D$35=CalculatedMetrics!O$3),0),7)} -> 171.4585 | P4: {=INDEX(BenchmarkResults!$B$2:$L$35,MATCH(1,(BenchmarkResults!$C$2:$C$35=CalculatedMetrics!N$1)*(BenchmarkResults!$B$2:$B$35=CalculatedMetrics!N$2)*(BenchmarkResults!$D$2:$D$35=CalculatedMetrics!P$3),0),7)} -> 182.9156 | Q4: {=INDEX(BenchmarkResults!$B$2:$L$35,MATCH(1,(BenchmarkResults!$C$2:$C$35=CalculatedMetrics!Q$1)*(BenchmarkResults!$B$2:$B$35=CalculatedMetrics!Q$2)*(BenchmarkResults!$D$2:$D$35=CalculatedMetrics!Q$3),0),7)} -> 2693.8289 | R4: {=INDEX(BenchmarkResults!$B$2:$L$35,MATCH(1,(BenchmarkResults!$C$2:$C$35=CalculatedMetrics!Q$1)*(BenchmarkResults!$B$2:$B$35=CalculatedMetrics!Q$2)*(BenchmarkResults!$D$2:$D$35=CalculatedMetrics!R$3),0),7)} -> 2477.4293 | S4: {=INDEX(BenchmarkResults!$B$2:$L$35,MATCH(1,(BenchmarkResults!$C$2:$C$35=CalculatedMetrics!Q$1)*(BenchmarkResults!$B$2:$B$35=CalculatedMetrics!Q$2)*(BenchmarkResults!$D$2:$D$35=CalculatedMetrics!S$3),0),7)} -> 2493.5625 | T4: {=INDEX(BenchmarkResults!$B$2:$L$35,MATCH(1,(BenchmarkResults!$C$2:$C$35=CalculatedMetrics!T$1)*(BenchmarkResults!$B$2:$B$35=CalculatedMetrics!T$2)*(BenchmarkResults!$D$2:$D$35=CalculatedMetrics!T$3),0),7)} -> 614.3826 | U4: {=INDEX(BenchmarkResults!$B$2:$L$35,MATCH(1,(BenchmarkResults!$C$2:$C$35=CalculatedMetrics!T$1)*(BenchmarkResults!$B$2:$B$35=CalculatedMetrics!T$2)*(BenchmarkResults!$D$2:$D$35=CalculatedMetrics!U$3),0),7)} -> 707.707 | V4: {=INDEX(BenchmarkResults!$B$2:$L$35,MATCH(1,(BenchmarkResults!$C$2:$C$35=CalculatedMetrics!T$1)*(BenchmarkResults!$B$2:$B$35=CalculatedMetrics!T$2)*(BenchmarkResults!$D$2:$D$35=CalculatedMetrics!V$3),0),7)} -> 708.0743 | W4: {=INDEX(BenchmarkResults!$B$2:$L$35,MATCH(1,(BenchmarkResults!$C$2:$C$35=CalculatedMetrics!W$1)*(BenchmarkResults!$B$2:$B$35=CalculatedMetrics!W$2)*(BenchmarkResults!$D$2:$D$35=CalculatedMetrics!W$3),0),7)} -> 388.4461 | X4: {=INDEX(BenchmarkResults!$B$2:$L$35,MATCH(1,(BenchmarkResults!$C$2:$C$35=CalculatedMetrics!W$1)*(BenchmarkResults!$B$2:$B$35=CalculatedMetrics!W$2)*(BenchmarkResults!$D$2:$D$35=CalculatedMetrics!X$3),0),7)} -> 382.4947 | Y4: {=INDEX(BenchmarkResults!$B$2:$L$35,MATCH(1,(BenchmarkResults!$C$2:$C$35=CalculatedMetrics!W$1)*(BenchmarkResults!$B$2:$B$35=CalculatedMetrics!W$2)*(BenchmarkResults!$D$2:$D$35=CalculatedMetrics!Y$3),0),7)} -> 378.5525 | Z4: {=INDEX(BenchmarkResults!$B$2:$L$35,MATCH(1,(BenchmarkResults!$C$2:$C$35=CalculatedMetrics!Z$1)*(BenchmarkResults!$B$2:$B$35=CalculatedMetrics!Z$2)*(BenchmarkResults!$D$2:$D$35=CalculatedMetrics!Z$3),0),7)} -> 141.8517 | AA4: {=INDEX(BenchmarkResults!$B$2:$L$35,MATCH(1,(BenchmarkResults!$C$2:$C$35=CalculatedMetrics!Z$1)*(BenchmarkResults!$B$2:$B$35=CalculatedMetrics!Z$2)*(BenchmarkResults!$D$2:$D$35=CalculatedMetrics!AA$3),0),7)} -> 114.9655 | AB4: {=INDEX(BenchmarkResults!$B$2:$L$35,MATCH(1,(BenchmarkResults!$C$2:$C$35=CalculatedMetrics!Z$1)*(BenchmarkResults!$B$2:$B$35=CalculatedMetrics!Z$2)*(BenchmarkResults!$D$2:$D$35=CalculatedMetrics!AB$3),0),7)} -> 113.3426 | AC4: {=INDEX(BenchmarkResults!$B$2:$L$35,MATCH(1,(BenchmarkResults!$C$2:$C$35=CalculatedMetrics!AC$1)*(BenchmarkResults!$B$2:$B$35=CalculatedMetrics!AC$2)*(BenchmarkResults!$D$2:$D$35=CalculatedMetrics!AC$3),0),7)} -> 118.0226 | AD4: {=INDEX(BenchmarkResults!$B$2:$L$35,MATCH(1,(BenchmarkResults!$C$2:$C$35=CalculatedMetrics!AC$1)*(BenchmarkResults!$B$2:$B$35=CalculatedMetrics!AC$2)*(BenchmarkResults!$D$2:$D$35=CalculatedMetrics!AD$3),0),7)} -> 240.9751 | AE4: {=INDEX(BenchmarkResults!$B$2:$L$35,MATCH(1,(BenchmarkResults!$C$2:$C$35=CalculatedMetrics!AC$1)*(BenchmarkResults!$B$2:$B$35=CalculatedMetrics!AC$2)*(BenchmarkResults!$D$2:$D$35=CalculatedMetrics!AE$3),0),7)} -> 234.7794 | AF4: {=INDEX(BenchmarkResults!$B$2:$L$35,MATCH(1,(BenchmarkResults!$C$2:$C$35=CalculatedMetrics!AF$1)*(BenchmarkResults!$B$2:$B$35=CalculatedMetrics!AF$2)*(BenchmarkResults!$D$2:$D$35=CalculatedMetrics!AF$3),0),7)} -> 602.6768 | AG4: {=INDEX(BenchmarkResults!$B$2:$L$35,MATCH(1,(BenchmarkResults!$C$2:$C$35=CalculatedMetrics!AF$1)*(BenchmarkResults!$B$2:$B$35=CalculatedMetrics!AF$2)*(BenchmarkResults!$D$2:$D$35=CalculatedMetrics!AG$3),0),7)} -> 466.5409 | AH4: {=INDEX(BenchmarkResults!$B$2:$L$35,MATCH(1,(BenchmarkResults!$C$2:$C$35=CalculatedMetrics!AF$1)*(BenchmarkResults!$B$2:$B$35=CalculatedMetrics!AF$2)*(BenchmarkResults!$D$2:$D$35=CalculatedMetrics!AH$3),0),7)} -> 591.2841 | AI4: {=INDEX(BenchmarkResults!$B$2:$L$35,MATCH(1,(BenchmarkResults!$C$2:$C$35=CalculatedMetrics!AI$1)*(BenchmarkResults!$B$2:$B$35=CalculatedMetrics!AI$2)*(BenchmarkResults!$D$2:$D$35=CalculatedMetrics!AI$3),0),7)} -> 464.8011 | AJ4: {=INDEX(BenchmarkResults!$B$2:$L$35,MATCH(1,(BenchmarkResults!$C$2:$C$35=CalculatedMetrics!AI$1)*(BenchmarkResults!$B$2:$B$35=CalculatedMetrics!AI$2)*(BenchmarkResults!$D$2:$D$35=CalculatedMetrics!AJ$3),0),7)} -> 459.9657 | AK4: {=INDEX(BenchmarkResults!$B$2:$L$35,MATCH(1,(BenchmarkResults!$C$2:$C$35=CalculatedMetrics!AI$1)*(BenchmarkResults!$B$2:$B$35=CalculatedMetrics!AI$2)*(BenchmarkResults!$D$2:$D$35=CalculatedMetrics!AK$3),0),7)} -> 474.4045
A5: Average CPU usage % | B5: =IFERROR(AVERAGEIFS(mongodb_hardware_log!$O$3:$O$3476,mongodb_hardware_log!$A$3:$A$3476,B$2,mongodb_hardware_log!$B$3:$B$3476,B$3),"N/A") -> 20.320334 | C5: DNR | D5: DNR | E5: =IFERROR(AVERAGEIFS(mongodb_hardware_log!$O$3:$O$3476,mongodb_hardware_log!$A$3:$A$3476,E$2,mongodb_hardware_log!$B$3:$B$3476,E$3),"N/A") -> 33.246988 | F5: =IFERROR(AVERAGEIFS(mongodb_hardware_log!$O$3:$O$3476,mongodb_hardware_log!$A$3:$A$3476,E$2,mongodb_hardware_log!$B$3:$B$3476,F$3),"N/A") -> 33.248503 | G5: =IFERROR(AVERAGEIFS(mongodb_hardware_log!$O$3:$O$3476,mongodb_hardware_log!$A$3:$A$3476,E$2,mongodb_hardware_log!$B$3:$B$3476,G$3),"N/A") -> 33.274143 | H5: =IFERROR(AVERAGEIFS(mongodb_hardware_log!$O$3:$O$3476,mongodb_hardware_log!$A$3:$A$3476,H$2,mongodb_hardware_log!$B$3:$B$3476,H$3),"N/A") -> 30.5 | I5: =IFERROR(AVERAGEIFS(mongodb_hardware_log!$O$3:$O$3476,mongodb_hardware_log!$A$3:$A$3476,H$2,mongodb_hardware_log!$B$3:$B$3476,I$3),"N/A") -> 30.136364 | J5: =IFERROR(AVERAGEIFS(mongodb_hardware_log!$O$3:$O$3476,mongodb_hardware_log!$A$3:$A$3476,H$2,mongodb_hardware_log!$B$3:$B$3476,J$3),"N/A") -> 31.227273 | K5: =IFERROR(AVERAGEIFS(mongodb_hardware_log!$O$3:$O$3476,mongodb_hardware_log!$A$3:$A$3476,K$2,mongodb_hardware_log!$B$3:$B$3476,K$3),"N/A") -> 19.495902 | L5: =IFERROR(AVERAGEIFS(mongodb_hardware_log!$O$3:$O$3476,mongodb_hardware_log!$A$3:$A$3476,K$2,mongodb_hardware_log!$B$3:$B$3476,L$3),"N/A") -> 19.564 | M5: =IFERROR(AVERAGEIFS(mongodb_hardware_log!$O$3:$O$3476,mongodb_hardware_log!$A$3:$A$3476,K$2,mongodb_hardware_log!$B$3:$B$3476,M$3),"N/A") -> 19.387352 | N5: =IFERROR(AVERAGEIFS(mongodb_hardware_log!$O$3:$O$3476,mongodb_hardware_log!$A$3:$A$3476,N$2,mongodb_hardware_log!$B$3:$B$3476,N$3),"N/A") -> 29.166667 | O5: =IFERROR(AVERAGEIFS(mongodb_hardware_log!$O$3:$O$3476,mongodb_hardware_log!$A$3:$A$3476,N$2,mongodb_hardware_log!$B$3:$B$3476,O$3),"N/A") -> 31.294118 | P5: =IFERROR(AVERAGEIFS(mongodb_hardware_log!$O$3:$O$3476,mongodb_hardware_log!$A$3:$A$3476,N$2,mongodb_hardware_log!$B$3:$B$3476,P$3),"N/A") -> 29.611111 | Q5: =IFERROR(AVERAGEIFS(mongodb_hardware_log!$O$3:$O$3476,mongodb_hardware_log!$A$3:$A$3476,Q$2,mongodb_hardware_log!$B$3:$B$3476,Q$3),"N/A") -> 32.433333 | R5: =IFERROR(AVERAGEIFS(mongodb_hardware_log!$O$3:$O$3476,mongodb_hardware_log!$A$3:$A$3476,Q$2,mongodb_hardware_log!$B$3:$B$3476,R$3),"N/A") -> 35.476578 | S5: =IFERROR(AVERAGEIFS(mongodb_hardware_log!$O$3:$O$3476,mongodb_hardware_log!$A$3:$A$3476,Q$2,mongodb_hardware_log!$B$3:$B$3476,S$3),"N/A") -> 32.98998 | T5: =IFERROR(AVERAGEIFS(mysql_hardware_log!$O$3:$O$722,mysql_hardware_log!$A$3:$A$722,T$2,mysql_hardware_log!$B$3:$B$722,CalculatedMetrics!T$3),"N/A") -> 33.655738 | U5: =IFERROR(AVERAGEIFS(mysql_hardware_log!$O$3:$O$722,mysql_hardware_log!$A$3:$A$722,T$2,mysql_hardware_log!$B$3:$B$722,CalculatedMetrics!U$3),"N/A") -> 31.760563 | V5: =IFERROR(AVERAGEIFS(mysql_hardware_log!$O$3:$O$722,mysql_hardware_log!$A$3:$A$722,T$2,mysql_hardware_log!$B$3:$B$722,CalculatedMetrics!V$3),"N/A") -> 31.571429 | W5: =IFERROR(AVERAGEIFS(mysql_hardware_log!$O$3:$O$722,mysql_hardware_log!$A$3:$A$722,W$2,mysql_hardware_log!$B$3:$B$722,CalculatedMetrics!W$3),"N/A") -> 29.74359 | X5: =IFERROR(AVERAGEIFS(mysql_hardware_log!$O$3:$O$722,mysql_hardware_log!$A$3:$A$722,W$2,mysql_hardware_log!$B$3:$B$722,CalculatedMetrics!X$3),"N/A") -> 29.948718 | Y5: =IFERROR(AVERAGEIFS(mysql_hardware_log!$O$3:$O$722,mysql_hardware_log!$A$3:$A$722,W$2,mysql_hardware_log!$B$3:$B$722,CalculatedMetrics!Y$3),"N/A") -> 30.621622 | Z5: =IFERROR(AVERAGEIFS(mysql_hardware_log!$O$3:$O$722,mysql_hardware_log!$A$3:$A$722,Z$2,mysql_hardware_log!$B$3:$B$722,CalculatedMetrics!Z$3),"N/A") -> 12.866667 | AA5: =IFERROR(AVERAGEIFS(mysql_hardware_log!$O$3:$O$722,mysql_hardware_log!$A$3:$A$722,Z$2,mysql_hardware_log!$B$3:$B$722,CalculatedMetrics!AA$3),"N/A") -> 11.181818 | AB5: =IFERROR(AVERAGEIFS(mysql_hardware_log!$O$3:$O$722,mysql_hardware_log!$A$3:$A$722,Z$2,mysql_hardware_log!$B$3:$B$722,CalculatedMetrics!AB$3),"N/A") -> 11.272727 | AC5: =IFERROR(AVERAGEIFS(mysql_hardware_log!$O$3:$O$722,mysql_hardware_log!$A$3:$A$722,AC$2,mysql_hardware_log!$B$3:$B$722,CalculatedMetrics!AC$3),"N/A") -> 45.75 | AD5: =IFERROR(AVERAGEIFS(mysql_hardware_log!$O$3:$O$722,mysql_hardware_log!$A$3:$A$722,AC$2,mysql_hardware_log!$B$3:$B$722,CalculatedMetrics!AD$3),"N/A") -> 34.458333 | AE5: =IFERROR(AVERAGEIFS(mysql_hardware_log!$O$3:$O$722,mysql_hardware_log!$A$3:$A$722,AC$2,mysql_hardware_log!$B$3:$B$722,CalculatedMetrics!AE$3),"N/A") -> 33.208333 | AF5: =IFERROR(AVERAGEIFS(mysql_hardware_log!$O$3:$O$722,mysql_hardware_log!$A$3:$A$722,AF$2,mysql_hardware_log!$B$3:$B$722,CalculatedMetrics!AF$3),"N/A") -> 35.15 | AG5: =IFERROR(AVERAGEIFS(mysql_hardware_log!$O$3:$O$722,mysql_hardware_log!$A$3:$A$722,AF$2,mysql_hardware_log!$B$3:$B$722,CalculatedMetrics!AG$3),"N/A") -> 38.425532 | AH5: =IFERROR(AVERAGEIFS(mysql_hardware_log!$O$3:$O$722,mysql_hardware_log!$A$3:$A$722,AF$2,mysql_hardware_log!$B$3:$B$722,CalculatedMetrics!AH$3),"N/A") -> 35.220339 | AI5: =IFERROR(AVERAGEIFS(mysql_hardware_log!$O$3:$O$722,mysql_hardware_log!$A$3:$A$722,AI$2,mysql_hardware_log!$B$3:$B$722,CalculatedMetrics!AI$3),"N/A") -> 22.5 | AJ5: =IFERROR(AVERAGEIFS(mysql_hardware_log!$O$3:$O$722,mysql_hardware_log!$A$3:$A$722,AI$2,mysql_hardware_log!$B$3:$B$722,CalculatedMetrics!AJ$3),"N/A") -> 22.847826 | AK5: =IFERROR(AVERAGEIFS(mysql_hardware_log!$O$3:$O$722,mysql_hardware_log!$A$3:$A$722,AI$2,mysql_hardware_log!$B$3:$B$722,CalculatedMetrics!AK$3),"N/A") -> 22.854167
A6: Average CPU wait % | B6: =IFERROR(AVERAGEIFS(mongodb_hardware_log!$R$3:$R$3476,mongodb_hardware_log!$A$3:$A$3476,B$2,mongodb_hardware_log!$B$3:$B$3476,B$3),"N/A") -> 24.827298 | C6: DNR | D6: DNR | E6: =IFERROR(AVERAGEIFS(mongodb_hardware_log!$R$3:$R$3476,mongodb_hardware_log!$A$3:$A$3476,E$2,mongodb_hardware_log!$B$3:$B$3476,E$3),"N/A") -> 0.34638554 | F6: =IFERROR(AVERAGEIFS(mongodb_hardware_log!$R$3:$R$3476,mongodb_hardware_log!$A$3:$A$3476,E$2,mongodb_hardware_log!$B$3:$B$3476,F$3),"N/A") -> 0.27245509 | G6: =IFERROR(AVERAGEIFS(mongodb_hardware_log!$R$3:$R$3476,mongodb_hardware_log!$A$3:$A$3476,E$2,mongodb_hardware_log!$B$3:$B$3476,G$3),"N/A") -> 0.2305296 | H6: =IFERROR(AVERAGEIFS(mongodb_hardware_log!$R$3:$R$3476,mongodb_hardware_log!$A$3:$A$3476,H$2,mongodb_hardware_log!$B$3:$B$3476,H$3),"N/A") -> 3.4583333 | I6: =IFERROR(AVERAGEIFS(mongodb_hardware_log!$R$3:$R$3476,mongodb_hardware_log!$A$3:$A$3476,H$2,mongodb_hardware_log!$B$3:$B$3476,I$3),"N/A") -> 4.3636364 | J6: =IFERROR(AVERAGEIFS(mongodb_hardware_log!$R$3:$R$3476,mongodb_hardware_log!$A$3:$A$3476,H$2,mongodb_hardware_log!$B$3:$B$3476,J$3),"N/A") -> 3.4090909 | K6: =IFERROR(AVERAGEIFS(mongodb_hardware_log!$R$3:$R$3476,mongodb_hardware_log!$A$3:$A$3476,K$2,mongodb_hardware_log!$B$3:$B$3476,K$3),"N/A") -> 25.151639 | L6: =IFERROR(AVERAGEIFS(mongodb_hardware_log!$R$3:$R$3476,mongodb_hardware_log!$A$3:$A$3476,K$2,mongodb_hardware_log!$B$3:$B$3476,L$3),"N/A") -> 24.104 | M6: =IFERROR(AVERAGEIFS(mongodb_hardware_log!$R$3:$R$3476,mongodb_hardware_log!$A$3:$A$3476,K$2,mongodb_hardware_log!$B$3:$B$3476,M$3),"N/A") -> 24.664032 | N6: =IFERROR(AVERAGEIFS(mongodb_hardware_log!$R$3:$R$3476,mongodb_hardware_log!$A$3:$A$3476,N$2,mongodb_hardware_log!$B$3:$B$3476,N$3),"N/A") -> 7.1666667 | O6: =IFERROR(AVERAGEIFS(mongodb_hardware_log!$R$3:$R$3476,mongodb_hardware_log!$A$3:$A$3476,N$2,mongodb_hardware_log!$B$3:$B$3476,O$3),"N/A") -> 4.8823529 | P6: =IFERROR(AVERAGEIFS(mongodb_hardware_log!$R$3:$R$3476,mongodb_hardware_log!$A$3:$A$3476,N$2,mongodb_hardware_log!$B$3:$B$3476,P$3),"N/A") -> 6.5555556 | Q6: =IFERROR(AVERAGEIFS(mongodb_hardware_log!$R$3:$R$3476,mongodb_hardware_log!$A$3:$A$3476,Q$2,mongodb_hardware_log!$B$3:$B$3476,Q$3),"N/A") -> 0.70740741 | R6: =IFERROR(AVERAGEIFS(mongodb_hardware_log!$R$3:$R$3476,mongodb_hardware_log!$A$3:$A$3476,Q$2,mongodb_hardware_log!$B$3:$B$3476,R$3),"N/A") -> 0.64562118 | S6: =IFERROR(AVERAGEIFS(mongodb_hardware_log!$R$3:$R$3476,mongodb_hardware_log!$A$3:$A$3476,Q$2,mongodb_hardware_log!$B$3:$B$3476,S$3),"N/A") -> 0.69539078 | T6: =IFERROR(AVERAGEIFS(mysql_hardware_log!$R$3:$R$722,mysql_hardware_log!$A$3:$A$722,T$2,mysql_hardware_log!$B$3:$B$722,CalculatedMetrics!T$3),"N/A") -> 1.6557377 | U6: =IFERROR(AVERAGEIFS(mysql_hardware_log!$R$3:$R$722,mysql_hardware_log!$A$3:$A$722,T$2,mysql_hardware_log!$B$3:$B$722,CalculatedMetrics!U$3),"N/A") -> 1.0140845 | V6: =IFERROR(AVERAGEIFS(mysql_hardware_log!$R$3:$R$722,mysql_hardware_log!$A$3:$A$722,T$2,mysql_hardware_log!$B$3:$B$722,CalculatedMetrics!V$3),"N/A") -> 1.2 | W6: =IFERROR(AVERAGEIFS(mysql_hardware_log!$R$3:$R$722,mysql_hardware_log!$A$3:$A$722,W$2,mysql_hardware_log!$B$3:$B$722,CalculatedMetrics!W$3),"N/A") -> 4.2564103 | X6: =IFERROR(AVERAGEIFS(mysql_hardware_log!$R$3:$R$722,mysql_hardware_log!$A$3:$A$722,W$2,mysql_hardware_log!$B$3:$B$722,CalculatedMetrics!X$3),"N/A") -> 3.5641026 | Y6: =IFERROR(AVERAGEIFS(mysql_hardware_log!$R$3:$R$722,mysql_hardware_log!$A$3:$A$722,W$2,mysql_hardware_log!$B$3:$B$722,CalculatedMetrics!Y$3),"N/A") -> 2.7297297 | Z6: =IFERROR(AVERAGEIFS(mysql_hardware_log!$R$3:$R$722,mysql_hardware_log!$A$3:$A$722,Z$2,mysql_hardware_log!$B$3:$B$722,CalculatedMetrics!Z$3),"N/A") -> 4.1333333 | AA6: =IFERROR(AVERAGEIFS(mysql_hardware_log!$R$3:$R$722,mysql_hardware_log!$A$3:$A$722,Z$2,mysql_hardware_log!$B$3:$B$722,CalculatedMetrics!AA$3),"N/A") -> 4.3636364 | AB6: =IFERROR(AVERAGEIFS(mysql_hardware_log!$R$3:$R$722,mysql_hardware_log!$A$3:$A$722,Z$2,mysql_hardware_log!$B$3:$B$722,CalculatedMetrics!AB$3),"N/A") -> 4.5454545 | AC6: =IFERROR(AVERAGEIFS(mysql_hardware_log!$R$3:$R$722,mysql_hardware_log!$A$3:$A$722,AC$2,mysql_hardware_log!$B$3:$B$722,CalculatedMetrics!AC$3),"N/A") -> 0.25 | AD6: =IFERROR(AVERAGEIFS(mysql_hardware_log!$R$3:$R$722,mysql_hardware_log!$A$3:$A$722,AC$2,mysql_hardware_log!$B$3:$B$722,CalculatedMetrics!AD$3),"N/A") -> 0 | AE6: =IFERROR(AVERAGEIFS(mysql_hardware_log!$R$3:$R$722,mysql_hardware_log!$A$3:$A$722,AC$2,mysql_hardware_log!$B$3:$B$722,CalculatedMetrics!AE$3),"N/A") -> 0 | AF6: =IFERROR(AVERAGEIFS(mysql_hardware_log!$R$3:$R$722,mysql_hardware_log!$A$3:$A$722,AF$2,mysql_hardware_log!$B$3:$B$722,CalculatedMetrics!AF$3),"N/A") -> 2.9 | AG6: =IFERROR(AVERAGEIFS(mysql_hardware_log!$R$3:$R$722,mysql_hardware_log!$A$3:$A$722,AF$2,mysql_hardware_log!$B$3:$B$722,CalculatedMetrics!AG$3),"N/A") -> 2.212766 | AH6: =IFERROR(AVERAGEIFS(mysql_hardware_log!$R$3:$R$722,mysql_hardware_log!$A$3:$A$722,AF$2,mysql_hardware_log!$B$3:$B$722,CalculatedMetrics!AH$3),"N/A") -> 3.2711864 | AI6: =IFERROR(AVERAGEIFS(mysql_hardware_log!$R$3:$R$722,mysql_hardware_log!$A$3:$A$722,AI$2,mysql_hardware_log!$B$3:$B$722,CalculatedMetrics!AI$3),"N/A") -> 4.2826087 | AJ6: =IFERROR(AVERAGEIFS(mysql_hardware_log!$R$3:$R$722,mysql_hardware_log!$A$3:$A$722,AI$2,mysql_hardware_log!$B$3:$B$722,CalculatedMetrics!AJ$3),"N/A") -> 2.8043478 | AK6: =IFERROR(AVERAGEIFS(mysql_hardware_log!$R$3:$R$722,mysql_hardware_log!$A$3:$A$722,AI$2,mysql_hardware_log!$B$3:$B$722,CalculatedMetrics!AK$3),"N/A") -> 3.3333333
A7: Average CPU idle % | B7: =IFERROR(AVERAGEIFS(mongodb_hardware_log!$Q$3:$Q$3476,mongodb_hardware_log!$A$3:$A$3476,B$2,mongodb_hardware_log!$B$3:$B$3476,B$3),"N/A") -> 46.983287 | C7: DNR | D7: DNR | E7: =IFERROR(AVERAGEIFS(mongodb_hardware_log!$Q$3:$Q$3476,mongodb_hardware_log!$A$3:$A$3476,E$2,mongodb_hardware_log!$B$3:$B$3476,E$3),"N/A") -> 64.403614 | F7: =IFERROR(AVERAGEIFS(mongodb_hardware_log!$Q$3:$Q$3476,mongodb_hardware_log!$A$3:$A$3476,E$2,mongodb_hardware_log!$B$3:$B$3476,F$3),"N/A") -> 64.41018 | G7: =IFERROR(AVERAGEIFS(mongodb_hardware_log!$Q$3:$Q$3476,mongodb_hardware_log!$A$3:$A$3476,E$2,mongodb_hardware_log!$B$3:$B$3476,G$3),"N/A") -> 64.588785 | H7: =IFERROR(AVERAGEIFS(mongodb_hardware_log!$Q$3:$Q$3476,mongodb_hardware_log!$A$3:$A$3476,H$2,mongodb_hardware_log!$B$3:$B$3476,H$3),"N/A") -> 62.125 | I7: =IFERROR(AVERAGEIFS(mongodb_hardware_log!$Q$3:$Q$3476,mongodb_hardware_log!$A$3:$A$3476,H$2,mongodb_hardware_log!$B$3:$B$3476,I$3),"N/A") -> 62.136364 | J7: =IFERROR(AVERAGEIFS(mongodb_hardware_log!$Q$3:$Q$3476,mongodb_hardware_log!$A$3:$A$3476,H$2,mongodb_hardware_log!$B$3:$B$3476,J$3),"N/A") -> 62.681818 | K7: =IFERROR(AVERAGEIFS(mongodb_hardware_log!$Q$3:$Q$3476,mongodb_hardware_log!$A$3:$A$3476,K$2,mongodb_hardware_log!$B$3:$B$3476,K$3),"N/A") -> 47.237705 | L7: =IFERROR(AVERAGEIFS(mongodb_hardware_log!$Q$3:$Q$3476,mongodb_hardware_log!$A$3:$A$3476,K$2,mongodb_hardware_log!$B$3:$B$3476,L$3),"N/A") -> 47.812 | M7: =IFERROR(AVERAGEIFS(mongodb_hardware_log!$Q$3:$Q$3476,mongodb_hardware_log!$A$3:$A$3476,K$2,mongodb_hardware_log!$B$3:$B$3476,M$3),"N/A") -> 47.466403 | N7: =IFERROR(AVERAGEIFS(mongodb_hardware_log!$Q$3:$Q$3476,mongodb_hardware_log!$A$3:$A$3476,N$2,mongodb_hardware_log!$B$3:$B$3476,N$3),"N/A") -> 60 | O7: =IFERROR(AVERAGEIFS(mongodb_hardware_log!$Q$3:$Q$3476,mongodb_hardware_log!$A$3:$A$3476,N$2,mongodb_hardware_log!$B$3:$B$3476,O$3),"N/A") -> 61.235294 | P7: =IFERROR(AVERAGEIFS(mongodb_hardware_log!$Q$3:$Q$3476,mongodb_hardware_log!$A$3:$A$3476,N$2,mongodb_hardware_log!$B$3:$B$3476,P$3),"N/A") -> 60.222222 | Q7: =IFERROR(AVERAGEIFS(mongodb_hardware_log!$Q$3:$Q$3476,mongodb_hardware_log!$A$3:$A$3476,Q$2,mongodb_hardware_log!$B$3:$B$3476,Q$3),"N/A") -> 64.555556 | R7: =IFERROR(AVERAGEIFS(mongodb_hardware_log!$Q$3:$Q$3476,mongodb_hardware_log!$A$3:$A$3476,Q$2,mongodb_hardware_log!$B$3:$B$3476,R$3),"N/A") -> 61.661914 | S7: =IFERROR(AVERAGEIFS(mongodb_hardware_log!$Q$3:$Q$3476,mongodb_hardware_log!$A$3:$A$3476,Q$2,mongodb_hardware_log!$B$3:$B$3476,S$3),"N/A") -> 64.278557 | T7: =IFERROR(AVERAGEIFS(mysql_hardware_log!$Q$3:$Q$722,mysql_hardware_log!$A$3:$A$722,T$2,mysql_hardware_log!$B$3:$B$722,CalculatedMetrics!T$3),"N/A") -> 60.163934 | U7: =IFERROR(AVERAGEIFS(mysql_hardware_log!$Q$3:$Q$722,mysql_hardware_log!$A$3:$A$722,T$2,mysql_hardware_log!$B$3:$B$722,CalculatedMetrics!U$3),"N/A") -> 64.211268 | V7: =IFERROR(AVERAGEIFS(mysql_hardware_log!$Q$3:$Q$722,mysql_hardware_log!$A$3:$A$722,T$2,mysql_hardware_log!$B$3:$B$722,CalculatedMetrics!V$3),"N/A") -> 64.128571 | W7: =IFERROR(AVERAGEIFS(mysql_hardware_log!$Q$3:$Q$722,mysql_hardware_log!$A$3:$A$722,W$2,mysql_hardware_log!$B$3:$B$722,CalculatedMetrics!W$3),"N/A") -> 62.333333 | X7: =IFERROR(AVERAGEIFS(mysql_hardware_log!$Q$3:$Q$722,mysql_hardware_log!$A$3:$A$722,W$2,mysql_hardware_log!$B$3:$B$722,CalculatedMetrics!X$3),"N/A") -> 62.153846 | Y7: =IFERROR(AVERAGEIFS(mysql_hardware_log!$Q$3:$Q$722,mysql_hardware_log!$A$3:$A$722,W$2,mysql_hardware_log!$B$3:$B$722,CalculatedMetrics!Y$3),"N/A") -> 62.513514 | Z7: =IFERROR(AVERAGEIFS(mysql_hardware_log!$Q$3:$Q$722,mysql_hardware_log!$A$3:$A$722,Z$2,mysql_hardware_log!$B$3:$B$722,CalculatedMetrics!Z$3),"N/A") -> 79.933333 | AA7: =IFERROR(AVERAGEIFS(mysql_hardware_log!$Q$3:$Q$722,mysql_hardware_log!$A$3:$A$722,Z$2,mysql_hardware_log!$B$3:$B$722,CalculatedMetrics!AA$3),"N/A") -> 82.181818 | AB7: =IFERROR(AVERAGEIFS(mysql_hardware_log!$Q$3:$Q$722,mysql_hardware_log!$A$3:$A$722,Z$2,mysql_hardware_log!$B$3:$B$722,CalculatedMetrics!AB$3),"N/A") -> 82.545455 | AC7: =IFERROR(AVERAGEIFS(mysql_hardware_log!$Q$3:$Q$722,mysql_hardware_log!$A$3:$A$722,AC$2,mysql_hardware_log!$B$3:$B$722,CalculatedMetrics!AC$3),"N/A") -> 53.416667 | AD7: =IFERROR(AVERAGEIFS(mysql_hardware_log!$Q$3:$Q$722,mysql_hardware_log!$A$3:$A$722,AC$2,mysql_hardware_log!$B$3:$B$722,CalculatedMetrics!AD$3),"N/A") -> 63.416667 | AE7: =IFERROR(AVERAGEIFS(mysql_hardware_log!$Q$3:$Q$722,mysql_hardware_log!$A$3:$A$722,AC$2,mysql_hardware_log!$B$3:$B$722,CalculatedMetrics!AE$3),"N/A") -> 66 | AF7: =IFERROR(AVERAGEIFS(mysql_hardware_log!$Q$3:$Q$722,mysql_hardware_log!$A$3:$A$722,AF$2,mysql_hardware_log!$B$3:$B$722,CalculatedMetrics!AF$3),"N/A") -> 56.616667 | AG7: =IFERROR(AVERAGEIFS(mysql_hardware_log!$Q$3:$Q$722,mysql_hardware_log!$A$3:$A$722,AF$2,mysql_hardware_log!$B$3:$B$722,CalculatedMetrics!AG$3),"N/A") -> 54.893617 | AH7: =IFERROR(AVERAGEIFS(mysql_hardware_log!$Q$3:$Q$722,mysql_hardware_log!$A$3:$A$722,AF$2,mysql_hardware_log!$B$3:$B$722,CalculatedMetrics!AH$3),"N/A") -> 56.762712 | AI7: =IFERROR(AVERAGEIFS(mysql_hardware_log!$Q$3:$Q$722,mysql_hardware_log!$A$3:$A$722,AI$2,mysql_hardware_log!$B$3:$B$722,CalculatedMetrics!AI$3),"N/A") -> 61.695652 | AJ7: =IFERROR(AVERAGEIFS(mysql_hardware_log!$Q$3:$Q$722,mysql_hardware_log!$A$3:$A$722,AI$2,mysql_hardware_log!$B$3:$B$722,CalculatedMetrics!AJ$3),"N/A") -> 62.108696 | AK7: =IFERROR(AVERAGEIFS(mysql_hardware_log!$Q$3:$Q$722,mysql_hardware_log!$A$3:$A$722,AI$2,mysql_hardware_log!$B$3:$B$722,CalculatedMetrics!AK$3),"N/A") -> 61.75
A8: Min free memory (KB) | B8: =_xlfn.MINIFS(mongodb_hardware_log!$F$3:$F$3476,mongodb_hardware_log!$A$3:$A$3476,CalculatedMetrics!B$2,mongodb_hardware_log!$B$3:$B$3476,CalculatedMetrics!B$3) -> 99408 | C8: DNR | D8: DNR | E8: =_xlfn.MINIFS(mongodb_hardware_log!$F$3:$F$3476,mongodb_hardware_log!$A$3:$A$3476,CalculatedMetrics!E$2,mongodb_hardware_log!$B$3:$B$3476,CalculatedMetrics!E$3) -> 107560 | F8: =_xlfn.MINIFS(mongodb_hardware_log!$F$3:$F$3476,mongodb_hardware_log!$A$3:$A$3476,CalculatedMetrics!E$2,mongodb_hardware_log!$B$3:$B$3476,CalculatedMetrics!F$3) -> 115584 | G8: =_xlfn.MINIFS(mongodb_hardware_log!$F$3:$F$3476,mongodb_hardware_log!$A$3:$A$3476,CalculatedMetrics!E$2,mongodb_hardware_log!$B$3:$B$3476,CalculatedMetrics!G$3) -> 99960 | H8: =_xlfn.MINIFS(mongodb_hardware_log!$F$3:$F$3476,mongodb_hardware_log!$A$3:$A$3476,CalculatedMetrics!H$2,mongodb_hardware_log!$B$3:$B$3476,CalculatedMetrics!H$3) -> 104264 | I8: =_xlfn.MINIFS(mongodb_hardware_log!$F$3:$F$3476,mongodb_hardware_log!$A$3:$A$3476,CalculatedMetrics!H$2,mongodb_hardware_log!$B$3:$B$3476,CalculatedMetrics!I$3) -> 103080 | J8: =_xlfn.MINIFS(mongodb_hardware_log!$F$3:$F$3476,mongodb_hardware_log!$A$3:$A$3476,CalculatedMetrics!H$2,mongodb_hardware_log!$B$3:$B$3476,CalculatedMetrics!J$3) -> 104404 | K8: =_xlfn.MINIFS(mongodb_hardware_log!$F$3:$F$3476,mongodb_hardware_log!$A$3:$A$3476,CalculatedMetrics!K$2,mongodb_hardware_log!$B$3:$B$3476,CalculatedMetrics!K$3) -> 98364 | L8: =_xlfn.MINIFS(mongodb_hardware_log!$F$3:$F$3476,mongodb_hardware_log!$A$3:$A$3476,CalculatedMetrics!K$2,mongodb_hardware_log!$B$3:$B$3476,CalculatedMetrics!L$3) -> 100816 | M8: =_xlfn.MINIFS(mongodb_hardware_log!$F$3:$F$3476,mongodb_hardware_log!$A$3:$A$3476,CalculatedMetrics!K$2,mongodb_hardware_log!$B$3:$B$3476,CalculatedMetrics!M$3) -> 104648 | N8: =_xlfn.MINIFS(mongodb_hardware_log!$F$3:$F$3476,mongodb_hardware_log!$A$3:$A$3476,CalculatedMetrics!N$2,mongodb_hardware_log!$B$3:$B$3476,CalculatedMetrics!N$3) -> 111216 | O8: =_xlfn.MINIFS(mongodb_hardware_log!$F$3:$F$3476,mongodb_hardware_log!$A$3:$A$3476,CalculatedMetrics!N$2,mongodb_hardware_log!$B$3:$B$3476,CalculatedMetrics!O$3) -> 105144 | P8: =_xlfn.MINIFS(mongodb_hardware_log!$F$3:$F$3476,mongodb_hardware_log!$A$3:$A$3476,CalculatedMetrics!N$2,mongodb_hardware_log!$B$3:$B$3476,CalculatedMetrics!P$3) -> 112408 | Q8: =_xlfn.MINIFS(mongodb_hardware_log!$F$3:$F$3476,mongodb_hardware_log!$A$3:$A$3476,CalculatedMetrics!Q$2,mongodb_hardware_log!$B$3:$B$3476,CalculatedMetrics!Q$3) -> 105228 | R8: =_xlfn.MINIFS(mongodb_hardware_log!$F$3:$F$3476,mongodb_hardware_log!$A$3:$A$3476,CalculatedMetrics!Q$2,mongodb_hardware_log!$B$3:$B$3476,CalculatedMetrics!R$3) -> 104624 | S8: =_xlfn.MINIFS(mongodb_hardware_log!$F$3:$F$3476,mongodb_hardware_log!$A$3:$A$3476,CalculatedMetrics!Q$2,mongodb_hardware_log!$B$3:$B$3476,CalculatedMetrics!S$3) -> 104372 | T8: =_xlfn.MINIFS(mysql_hardware_log!$F$3:$F$722,mysql_hardware_log!$A$3:$A$722,CalculatedMetrics!T$2,mysql_hardware_log!$B$3:$B$722,CalculatedMetrics!T$3) -> 97484 | U8: =_xlfn.MINIFS(mysql_hardware_log!$F$3:$F$722,mysql_hardware_log!$A$3:$A$722,CalculatedMetrics!T$2,mysql_hardware_log!$B$3:$B$722,CalculatedMetrics!U$3) -> 103820 | V8: =_xlfn.MINIFS(mysql_hardware_log!$F$3:$F$722,mysql_hardware_log!$A$3:$A$722,CalculatedMetrics!T$2,mysql_hardware_log!$B$3:$B$722,CalculatedMetrics!V$3) -> 103724 | W8: =_xlfn.MINIFS(mysql_hardware_log!$F$3:$F$722,mysql_hardware_log!$A$3:$A$722,CalculatedMetrics!W$2,mysql_hardware_log!$B$3:$B$722,CalculatedMetrics!W$3) -> 104232 | X8: =_xlfn.MINIFS(mysql_hardware_log!$F$3:$F$722,mysql_hardware_log!$A$3:$A$722,CalculatedMetrics!W$2,mysql_hardware_log!$B$3:$B$722,CalculatedMetrics!X$3) -> 105140 | Y8: =_xlfn.MINIFS(mysql_hardware_log!$F$3:$F$722,mysql_hardware_log!$A$3:$A$722,CalculatedMetrics!W$2,mysql_hardware_log!$B$3:$B$722,CalculatedMetrics!Y$3) -> 104340 | Z8: =_xlfn.MINIFS(mysql_hardware_log!$F$3:$F$722,mysql_hardware_log!$A$3:$A$722,CalculatedMetrics!Z$2,mysql_hardware_log!$B$3:$B$722,CalculatedMetrics!Z$3) -> 119316 | AA8: =_xlfn.MINIFS(mysql_hardware_log!$F$3:$F$722,mysql_hardware_log!$A$3:$A$722,CalculatedMetrics!Z$2,mysql_hardware_log!$B$3:$B$722,CalculatedMetrics!AA$3) -> 511604 | AB8: =_xlfn.MINIFS(mysql_hardware_log!$F$3:$F$722,mysql_hardware_log!$A$3:$A$722,CalculatedMetrics!Z$2,mysql_hardware_log!$B$3:$B$722,CalculatedMetrics!AB$3) -> 106568 | AC8: =_xlfn.MINIFS(mysql_hardware_log!$F$3:$F$722,mysql_hardware_log!$A$3:$A$722,CalculatedMetrics!AC$2,mysql_hardware_log!$B$3:$B$722,CalculatedMetrics!AC$3) -> 686976 | AD8: =_xlfn.MINIFS(mysql_hardware_log!$F$3:$F$722,mysql_hardware_log!$A$3:$A$722,CalculatedMetrics!AC$2,mysql_hardware_log!$B$3:$B$722,CalculatedMetrics!AD$3) -> 180680 | AE8: =_xlfn.MINIFS(mysql_hardware_log!$F$3:$F$722,mysql_hardware_log!$A$3:$A$722,CalculatedMetrics!AC$2,mysql_hardware_log!$B$3:$B$722,CalculatedMetrics!AE$3) -> 1176084 | AF8: =_xlfn.MINIFS(mysql_hardware_log!$F$3:$F$722,mysql_hardware_log!$A$3:$A$722,CalculatedMetrics!AF$2,mysql_hardware_log!$B$3:$B$722,CalculatedMetrics!AF$3) -> 104024 | AG8: =_xlfn.MINIFS(mysql_hardware_log!$F$3:$F$722,mysql_hardware_log!$A$3:$A$722,CalculatedMetrics!AF$2,mysql_hardware_log!$B$3:$B$722,CalculatedMetrics!AG$3) -> 108816 | AH8: =_xlfn.MINIFS(mysql_hardware_log!$F$3:$F$722,mysql_hardware_log!$A$3:$A$722,CalculatedMetrics!AF$2,mysql_hardware_log!$B$3:$B$722,CalculatedMetrics!AH$3) -> 99332 | AI8: =_xlfn.MINIFS(mysql_hardware_log!$F$3:$F$722,mysql_hardware_log!$A$3:$A$722,CalculatedMetrics!AI$2,mysql_hardware_log!$B$3:$B$722,CalculatedMetrics!AI$3) -> 145324 | AJ8: =_xlfn.MINIFS(mysql_hardware_log!$F$3:$F$722,mysql_hardware_log!$A$3:$A$722,CalculatedMetrics!AI$2,mysql_hardware_log!$B$3:$B$722,CalculatedMetrics!AJ$3) -> 112332 | AK8: =_xlfn.MINIFS(mysql_hardware_log!$F$3:$F$722,mysql_hardware_log!$A$3:$A$722,CalculatedMetrics!AI$2,mysql_hardware_log!$B$3:$B$722,CalculatedMetrics!AK$3) -> 107372
A9: Cache at query start (KB) | B9: {=INDEX(mongodb_hardware_log!$A$3:$T$3476,MATCH(1,(mongodb_hardware_log!$A$3:$A$3476=B$2)*(mongodb_hardware_log!$B$3:$B$3476=B$3),0),8)} -> 2351504 | C9: DNR | D9: DNR | E9: {=INDEX(mongodb_hardware_log!$A$3:$T$3476,MATCH(1,(mongodb_hardware_log!$A$3:$A$3476=E$2)*(mongodb_hardware_log!$B$3:$B$3476=E$3),0),8)} -> 2264696 | F9: {=INDEX(mongodb_hardware_log!$A$3:$T$3476,MATCH(1,(mongodb_hardware_log!$A$3:$A$3476=E$2)*(mongodb_hardware_log!$B$3:$B$3476=F$3),0),8)} -> 2140988 | G9: {=INDEX(mongodb_hardware_log!$A$3:$T$3476,MATCH(1,(mongodb_hardware_log!$A$3:$A$3476=E$2)*(mongodb_hardware_log!$B$3:$B$3476=G$3),0),8)} -> 1873744 | H9: {=INDEX(mongodb_hardware_log!$A$3:$T$3476,MATCH(1,(mongodb_hardware_log!$A$3:$A$3476=H$2)*(mongodb_hardware_log!$B$3:$B$3476=H$3),0),8)} -> 2154068 | I9: {=INDEX(mongodb_hardware_log!$A$3:$T$3476,MATCH(1,(mongodb_hardware_log!$A$3:$A$3476=H$2)*(mongodb_hardware_log!$B$3:$B$3476=I$3),0),8)} -> 1590412 | J9: {=INDEX(mongodb_hardware_log!$A$3:$T$3476,MATCH(1,(mongodb_hardware_log!$A$3:$A$3476=H$2)*(mongodb_hardware_log!$B$3:$B$3476=J$3),0),8)} -> 1950464 | K9: {=INDEX(mongodb_hardware_log!$A$3:$T$3476,MATCH(1,(mongodb_hardware_log!$A$3:$A$3476=K$2)*(mongodb_hardware_log!$B$3:$B$3476=K$3),0),8)} -> 2134212 | L9: {=INDEX(mongodb_hardware_log!$A$3:$T$3476,MATCH(1,(mongodb_hardware_log!$A$3:$A$3476=K$2)*(mongodb_hardware_log!$B$3:$B$3476=L$3),0),8)} -> 2338228 | M9: {=INDEX(mongodb_hardware_log!$A$3:$T$3476,MATCH(1,(mongodb_hardware_log!$A$3:$A$3476=K$2)*(mongodb_hardware_log!$B$3:$B$3476=M$3),0),8)} -> 2259240 | N9: {=INDEX(mongodb_hardware_log!$A$3:$T$3476,MATCH(1,(mongodb_hardware_log!$A$3:$A$3476=N$2)*(mongodb_hardware_log!$B$3:$B$3476=N$3),0),8)} -> 1930412 | O9: {=INDEX(mongodb_hardware_log!$A$3:$T$3476,MATCH(1,(mongodb_hardware_log!$A$3:$A$3476=N$2)*(mongodb_hardware_log!$B$3:$B$3476=O$3),0),8)} -> 2188308 | P9: {=INDEX(mongodb_hardware_log!$A$3:$T$3476,MATCH(1,(mongodb_hardware_log!$A$3:$A$3476=N$2)*(mongodb_hardware_log!$B$3:$B$3476=P$3),0),8)} -> 2181816 | Q9: {=INDEX(mongodb_hardware_log!$A$3:$T$3476,MATCH(1,(mongodb_hardware_log!$A$3:$A$3476=Q$2)*(mongodb_hardware_log!$B$3:$B$3476=Q$3),0),8)} -> 2287240 | R9: {=INDEX(mongodb_hardware_log!$A$3:$T$3476,MATCH(1,(mongodb_hardware_log!$A$3:$A$3476=Q$2)*(mongodb_hardware_log!$B$3:$B$3476=R$3),0),8)} -> 1592908 | S9: {=INDEX(mongodb_hardware_log!$A$3:$T$3476,MATCH(1,(mongodb_hardware_log!$A$3:$A$3476=Q$2)*(mongodb_hardware_log!$B$3:$B$3476=S$3),0),8)} -> 1585916 | T9: {=INDEX(mysql_hardware_log!$A$3:$T$722,MATCH(1,(mysql_hardware_log!$A$3:$A$722=T$2)*(mysql_hardware_log!$B$3:$B$722=T$3),0),8)} -> 1160288 | U9: {=INDEX(mysql_hardware_log!$A$3:$T$722,MATCH(1,(mysql_hardware_log!$A$3:$A$722=T$2)*(mysql_hardware_log!$B$3:$B$722=U$3),0),8)} -> 3587072 | V9: {=INDEX(mysql_hardware_log!$A$3:$T$722,MATCH(1,(mysql_hardware_log!$A$3:$A$722=T$2)*(mysql_hardware_log!$B$3:$B$722=V$3),0),8)} -> 3390028 | W9: {=INDEX(mysql_hardware_log!$A$3:$T$722,MATCH(1,(mysql_hardware_log!$A$3:$A$722=W$2)*(mysql_hardware_log!$B$3:$B$722=W$3),0),8)} -> 3616748 | X9: {=INDEX(mysql_hardware_log!$A$3:$T$722,MATCH(1,(mysql_hardware_log!$A$3:$A$722=W$2)*(mysql_hardware_log!$B$3:$B$722=X$3),0),8)} -> 3590352 | Y9: {=INDEX(mysql_hardware_log!$A$3:$T$722,MATCH(1,(mysql_hardware_log!$A$3:$A$722=W$2)*(mysql_hardware_log!$B$3:$B$722=Y$3),0),8)} -> 3610968 | Z9: {=INDEX(mysql_hardware_log!$A$3:$T$722,MATCH(1,(mysql_hardware_log!$A$3:$A$722=Z$2)*(mysql_hardware_log!$B$3:$B$722=Z$3),0),8)} -> 2973836 | AA9: {=INDEX(mysql_hardware_log!$A$3:$T$722,MATCH(1,(mysql_hardware_log!$A$3:$A$722=Z$2)*(mysql_hardware_log!$B$3:$B$722=AA$3),0),8)} -> 2980708 | AB9: {=INDEX(mysql_hardware_log!$A$3:$T$722,MATCH(1,(mysql_hardware_log!$A$3:$A$722=Z$2)*(mysql_hardware_log!$B$3:$B$722=AB$3),0),8)} -> 2846604 | AC9: {=INDEX(mysql_hardware_log!$A$3:$T$722,MATCH(1,(mysql_hardware_log!$A$3:$A$722=AC$2)*(mysql_hardware_log!$B$3:$B$722=AC$3),0),8)} -> 2785056 | AD9: {=INDEX(mysql_hardware_log!$A$3:$T$722,MATCH(1,(mysql_hardware_log!$A$3:$A$722=AC$2)*(mysql_hardware_log!$B$3:$B$722=AD$3),0),8)} -> 3027668 | AE9: {=INDEX(mysql_hardware_log!$A$3:$T$722,MATCH(1,(mysql_hardware_log!$A$3:$A$722=AC$2)*(mysql_hardware_log!$B$3:$B$722=AE$3),0),8)} -> 2440916 | AF9: {=INDEX(mysql_hardware_log!$A$3:$T$722,MATCH(1,(mysql_hardware_log!$A$3:$A$722=AF$2)*(mysql_hardware_log!$B$3:$B$722=AF$3),0),8)} -> 2477680 | AG9: {=INDEX(mysql_hardware_log!$A$3:$T$722,MATCH(1,(mysql_hardware_log!$A$3:$A$722=AF$2)*(mysql_hardware_log!$B$3:$B$722=AG$3),0),8)} -> 3411656 | AH9: {=INDEX(mysql_hardware_log!$A$3:$T$722,MATCH(1,(mysql_hardware_log!$A$3:$A$722=AF$2)*(mysql_hardware_log!$B$3:$B$722=AH$3),0),8)} -> 3227304 | AI9: {=INDEX(mysql_hardware_log!$A$3:$T$722,MATCH(1,(mysql_hardware_log!$A$3:$A$722=AI$2)*(mysql_hardware_log!$B$3:$B$722=AI$3),0),8)} -> 3338532 | AJ9: {=INDEX(mysql_hardware_log!$A$3:$T$722,MATCH(1,(mysql_hardware_log!$A$3:$A$722=AI$2)*(mysql_hardware_log!$B$3:$B$722=AJ$3),0),8)} -> 2609136 | AK9: {=INDEX(mysql_hardware_log!$A$3:$T$722,MATCH(1,(mysql_hardware_log!$A$3:$A$722=AI$2)*(mysql_hardware_log!$B$3:$B$722=AK$3),0),8)} -> 2012832
A10: Cache at query end (KB) | B10: {=INDEX(mongodb_hardware_log!$A$3:$T$3476,LARGE(IF((mongodb_hardware_log!$A$3:$A$3476=B$2)*(mongodb_hardware_log!$B$3:$B$3476=B$3),ROW(mongodb_hardware_log!$A$3:$A$3476)-2,0),1),8)} -> 2262244 | C10: DNR | D10: DNR | E10: {=INDEX(mongodb_hardware_log!$A$3:$T$3476,LARGE(IF((mongodb_hardware_log!$A$3:$A$3476=E$2)*(mongodb_hardware_log!$B$3:$B$3476=E$3),ROW(mongodb_hardware_log!$A$3:$A$3476)-2,0),1),8)} -> 2130956 | F10: {=INDEX(mongodb_hardware_log!$A$3:$T$3476,LARGE(IF((mongodb_hardware_log!$A$3:$A$3476=E$2)*(mongodb_hardware_log!$B$3:$B$3476=F$3),ROW(mongodb_hardware_log!$A$3:$A$3476)-2,0),1),8)} -> 1861520 | G10: {=INDEX(mongodb_hardware_log!$A$3:$T$3476,LARGE(IF((mongodb_hardware_log!$A$3:$A$3476=E$2)*(mongodb_hardware_log!$B$3:$B$3476=G$3),ROW(mongodb_hardware_log!$A$3:$A$3476)-2,0),1),8)} -> 2103028 | H10: {=INDEX(mongodb_hardware_log!$A$3:$T$3476,LARGE(IF((mongodb_hardware_log!$A$3:$A$3476=H$2)*(mongodb_hardware_log!$B$3:$B$3476=H$3),ROW(mongodb_hardware_log!$A$3:$A$3476)-2,0),1),8)} -> 1731764 | I10: {=INDEX(mongodb_hardware_log!$A$3:$T$3476,LARGE(IF((mongodb_hardware_log!$A$3:$A$3476=H$2)*(mongodb_hardware_log!$B$3:$B$3476=I$3),ROW(mongodb_hardware_log!$A$3:$A$3476)-2,0),1),8)} -> 2211080 | J10: {=INDEX(mongodb_hardware_log!$A$3:$T$3476,LARGE(IF((mongodb_hardware_log!$A$3:$A$3476=H$2)*(mongodb_hardware_log!$B$3:$B$3476=J$3),ROW(mongodb_hardware_log!$A$3:$A$3476)-2,0),1),8)} -> 2253156 | K10: {=INDEX(mongodb_hardware_log!$A$3:$T$3476,LARGE(IF((mongodb_hardware_log!$A$3:$A$3476=K$2)*(mongodb_hardware_log!$B$3:$B$3476=K$3),ROW(mongodb_hardware_log!$A$3:$A$3476)-2,0),1),8)} -> 2344648 | L10: {=INDEX(mongodb_hardware_log!$A$3:$T$3476,LARGE(IF((mongodb_hardware_log!$A$3:$A$3476=K$2)*(mongodb_hardware_log!$B$3:$B$3476=L$3),ROW(mongodb_hardware_log!$A$3:$A$3476)-2,0),1),8)} -> 2328880 | M10: {=INDEX(mongodb_hardware_log!$A$3:$T$3476,LARGE(IF((mongodb_hardware_log!$A$3:$A$3476=K$2)*(mongodb_hardware_log!$B$3:$B$3476=M$3),ROW(mongodb_hardware_log!$A$3:$A$3476)-2,0),1),8)} -> 1718816 | N10: {=INDEX(mongodb_hardware_log!$A$3:$T$3476,LARGE(IF((mongodb_hardware_log!$A$3:$A$3476=N$2)*(mongodb_hardware_log!$B$3:$B$3476=N$3),ROW(mongodb_hardware_log!$A$3:$A$3476)-2,0),1),8)} -> 2269736 | O10: {=INDEX(mongodb_hardware_log!$A$3:$T$3476,LARGE(IF((mongodb_hardware_log!$A$3:$A$3476=N$2)*(mongodb_hardware_log!$B$3:$B$3476=O$3),ROW(mongodb_hardware_log!$A$3:$A$3476)-2,0),1),8)} -> 2288344 | P10: {=INDEX(mongodb_hardware_log!$A$3:$T$3476,LARGE(IF((mongodb_hardware_log!$A$3:$A$3476=N$2)*(mongodb_hardware_log!$B$3:$B$3476=P$3),ROW(mongodb_hardware_log!$A$3:$A$3476)-2,0),1),8)} -> 2296220 | Q10: {=INDEX(mongodb_hardware_log!$A$3:$T$3476,LARGE(IF((mongodb_hardware_log!$A$3:$A$3476=Q$2)*(mongodb_hardware_log!$B$3:$B$3476=Q$3),ROW(mongodb_hardware_log!$A$3:$A$3476)-2,0),1),8)} -> 2259688 | R10: {=INDEX(mongodb_hardware_log!$A$3:$T$3476,LARGE(IF((mongodb_hardware_log!$A$3:$A$3476=Q$2)*(mongodb_hardware_log!$B$3:$B$3476=R$3),ROW(mongodb_hardware_log!$A$3:$A$3476)-2,0),1),8)} -> 2273104 | S10: {=INDEX(mongodb_hardware_log!$A$3:$T$3476,LARGE(IF((mongodb_hardware_log!$A$3:$A$3476=Q$2)*(mongodb_hardware_log!$B$3:$B$3476=S$3),ROW(mongodb_hardware_log!$A$3:$A$3476)-2,0),1),8)} -> 2247752 | T10: {=INDEX(mysql_hardware_log!$A$3:$T$722,LARGE(IF((mysql_hardware_log!$A$3:$A$722=T$2)*(mysql_hardware_log!$B$3:$B$722=T$3),ROW(mysql_hardware_log!$A$3:$A$722)-2,0),1),8)} -> 3625196 | U10: {=INDEX(mysql_hardware_log!$A$3:$T$722,LARGE(IF((mysql_hardware_log!$A$3:$A$722=T$2)*(mysql_hardware_log!$B$3:$B$722=U$3),ROW(mysql_hardware_log!$A$3:$A$722)-2,0),1),8)} -> 3277520 | V10: {=INDEX(mysql_hardware_log!$A$3:$T$722,LARGE(IF((mysql_hardware_log!$A$3:$A$722=T$2)*(mysql_hardware_log!$B$3:$B$722=V$3),ROW(mysql_hardware_log!$A$3:$A$722)-2,0),1),8)} -> 3607652 | W10: {=INDEX(mysql_hardware_log!$A$3:$T$722,LARGE(IF((mysql_hardware_log!$A$3:$A$722=W$2)*(mysql_hardware_log!$B$3:$B$722=W$3),ROW(mysql_hardware_log!$A$3:$A$722)-2,0),1),8)} -> 3586780 | X10: {=INDEX(mysql_hardware_log!$A$3:$T$722,LARGE(IF((mysql_hardware_log!$A$3:$A$722=W$2)*(mysql_hardware_log!$B$3:$B$722=X$3),ROW(mysql_hardware_log!$A$3:$A$722)-2,0),1),8)} -> 3616312 | Y10: {=INDEX(mysql_hardware_log!$A$3:$T$722,LARGE(IF((mysql_hardware_log!$A$3:$A$722=W$2)*(mysql_hardware_log!$B$3:$B$722=Y$3),ROW(mysql_hardware_log!$A$3:$A$722)-2,0),1),8)} -> 2936116 | Z10: {=INDEX(mysql_hardware_log!$A$3:$T$722,LARGE(IF((mysql_hardware_log!$A$3:$A$722=Z$2)*(mysql_hardware_log!$B$3:$B$722=Z$3),ROW(mysql_hardware_log!$A$3:$A$722)-2,0),1),8)} -> 2785060 | AA10: {=INDEX(mysql_hardware_log!$A$3:$T$722,LARGE(IF((mysql_hardware_log!$A$3:$A$722=Z$2)*(mysql_hardware_log!$B$3:$B$722=AA$3),ROW(mysql_hardware_log!$A$3:$A$722)-2,0),1),8)} -> 3097464 | AB10: {=INDEX(mysql_hardware_log!$A$3:$T$722,LARGE(IF((mysql_hardware_log!$A$3:$A$722=Z$2)*(mysql_hardware_log!$B$3:$B$722=AB$3),ROW(mysql_hardware_log!$A$3:$A$722)-2,0),1),8)} -> 3130500 | AC10: {=INDEX(mysql_hardware_log!$A$3:$T$722,LARGE(IF((mysql_hardware_log!$A$3:$A$722=AC$2)*(mysql_hardware_log!$B$3:$B$722=AC$3),ROW(mysql_hardware_log!$A$3:$A$722)-2,0),1),8)} -> 3013640 | AD10: {=INDEX(mysql_hardware_log!$A$3:$T$722,LARGE(IF((mysql_hardware_log!$A$3:$A$722=AC$2)*(mysql_hardware_log!$B$3:$B$722=AD$3),ROW(mysql_hardware_log!$A$3:$A$722)-2,0),1),8)} -> 2430720 | AE10: {=INDEX(mysql_hardware_log!$A$3:$T$722,LARGE(IF((mysql_hardware_log!$A$3:$A$722=AC$2)*(mysql_hardware_log!$B$3:$B$722=AE$3),ROW(mysql_hardware_log!$A$3:$A$722)-2,0),1),8)} -> 2477656 | AF10: {=INDEX(mysql_hardware_log!$A$3:$T$722,LARGE(IF((mysql_hardware_log!$A$3:$A$722=AF$2)*(mysql_hardware_log!$B$3:$B$722=AF$3),ROW(mysql_hardware_log!$A$3:$A$722)-2,0),1),8)} -> 3407472 | AG10: {=INDEX(mysql_hardware_log!$A$3:$T$722,LARGE(IF((mysql_hardware_log!$A$3:$A$722=AF$2)*(mysql_hardware_log!$B$3:$B$722=AG$3),ROW(mysql_hardware_log!$A$3:$A$722)-2,0),1),8)} -> 3200848 | AH10: {=INDEX(mysql_hardware_log!$A$3:$T$722,LARGE(IF((mysql_hardware_log!$A$3:$A$722=AF$2)*(mysql_hardware_log!$B$3:$B$722=AH$3),ROW(mysql_hardware_log!$A$3:$A$722)-2,0),1),8)} -> 3077824 | AI10: {=INDEX(mysql_hardware_log!$A$3:$T$722,LARGE(IF((mysql_hardware_log!$A$3:$A$722=AI$2)*(mysql_hardware_log!$B$3:$B$722=AI$3),ROW(mysql_hardware_log!$A$3:$A$722)-2,0),1),8)} -> 2864828 | AJ10: {=INDEX(mysql_hardware_log!$A$3:$T$722,LARGE(IF((mysql_hardware_log!$A$3:$A$722=AI$2)*(mysql_hardware_log!$B$3:$B$722=AJ$3),ROW(mysql_hardware_log!$A$3:$A$722)-2,0),1),8)} -> 2253708 | AK10: {=INDEX(mysql_hardware_log!$A$3:$T$722,LARGE(IF((mysql_hardware_log!$A$3:$A$722=AI$2)*(mysql_hardware_log!$B$3:$B$722=AK$3),ROW(mysql_hardware_log!$A$3:$A$722)-2,0),1),8)} -> 2278632
A11: Δ Cache (KB) | B11: =B10-B9 -> -89260 | C11: DNR | D11: DNR | E11: =E10-E9 -> -133740 | F11: =F10-F9 -> -279468 | G11: =G10-G9 -> 229284 | H11: =H10-H9 -> -422304 | I11: =I10-I9 -> 620668 | J11: =J10-J9 -> 302692 | K11: =K10-K9 -> 210436 | L11: =L10-L9 -> -9348 | ... AK11: =AK10-AK9 -> 265800
A12: Swapped memory at query start (KB) | B12: {=INDEX(mongodb_hardware_log!$A$3:$T$3476,MATCH(1,(mongodb_hardware_log!$A$3:$A$3476=B$2)*(mongodb_hardware_log!$B$3:$B$3476=B$3),0),5)} -> 54528 | C12: DNR | D12: DNR | E12: {=INDEX(mongodb_hardware_log!$A$3:$T$3476,MATCH(1,(mongodb_hardware_log!$A$3:$A$3476=E$2)*(mongodb_hardware_log!$B$3:$B$3476=E$3),0),5)} -> 135424 | F12: {=INDEX(mongodb_hardware_log!$A$3:$T$3476,MATCH(1,(mongodb_hardware_log!$A$3:$A$3476=E$2)*(mongodb_hardware_log!$B$3:$B$3476=F$3),0),5)} -> 134400 | G12: {=INDEX(mongodb_hardware_log!$A$3:$T$3476,MATCH(1,(mongodb_hardware_log!$A$3:$A$3476=E$2)*(mongodb_hardware_log!$B$3:$B$3476=G$3),0),5)} -> 133376 | H12: {=INDEX(mongodb_hardware_log!$A$3:$T$3476,MATCH(1,(mongodb_hardware_log!$A$3:$A$3476=H$2)*(mongodb_hardware_log!$B$3:$B$3476=H$3),0),5)} -> 133376 | I12: {=INDEX(mongodb_hardware_log!$A$3:$T$3476,MATCH(1,(mongodb_hardware_log!$A$3:$A$3476=H$2)*(mongodb_hardware_log!$B$3:$B$3476=I$3),0),5)} -> 119296 | J12: {=INDEX(mongodb_hardware_log!$A$3:$T$3476,MATCH(1,(mongodb_hardware_log!$A$3:$A$3476=H$2)*(mongodb_hardware_log!$B$3:$B$3476=J$3),0),5)} -> 119040 | K12: {=INDEX(mongodb_hardware_log!$A$3:$T$3476,MATCH(1,(mongodb_hardware_log!$A$3:$A$3476=K$2)*(mongodb_hardware_log!$B$3:$B$3476=K$3),0),5)} -> 128512 | L12: {=INDEX(mongodb_hardware_log!$A$3:$T$3476,MATCH(1,(mongodb_hardware_log!$A$3:$A$3476=K$2)*(mongodb_hardware_log!$B$3:$B$3476=L$3),0),5)} -> 222720 | M12: {=INDEX(mongodb_hardware_log!$A$3:$T$3476,MATCH(1,(mongodb_hardware_log!$A$3:$A$3476=K$2)*(mongodb_hardware_log!$B$3:$B$3476=M$3),0),5)} -> 212992 | N12: {=INDEX(mongodb_hardware_log!$A$3:$T$3476,MATCH(1,(mongodb_hardware_log!$A$3:$A$3476=N$2)*(mongodb_hardware_log!$B$3:$B$3476=N$3),0),5)} -> 203776 | O12: {=INDEX(mongodb_hardware_log!$A$3:$T$3476,MATCH(1,(mongodb_hardware_log!$A$3:$A$3476=N$2)*(mongodb_hardware_log!$B$3:$B$3476=O$3),0),5)} -> 190976 | P12: {=INDEX(mongodb_hardware_log!$A$3:$T$3476,MATCH(1,(mongodb_hardware_log!$A$3:$A$3476=N$2)*(mongodb_hardware_log!$B$3:$B$3476=P$3),0),5)} -> 190464 | Q12: {=INDEX(mongodb_hardware_log!$A$3:$T$3476,MATCH(1,(mongodb_hardware_log!$A$3:$A$3476=Q$2)*(mongodb_hardware_log!$B$3:$B$3476=Q$3),0),5)} -> 203520 | R12: {=INDEX(mongodb_hardware_log!$A$3:$T$3476,MATCH(1,(mongodb_hardware_log!$A$3:$A$3476=Q$2)*(mongodb_hardware_log!$B$3:$B$3476=R$3),0),5)} -> 194560 | S12: {=INDEX(mongodb_hardware_log!$A$3:$T$3476,MATCH(1,(mongodb_hardware_log!$A$3:$A$3476=Q$2)*(mongodb_hardware_log!$B$3:$B$3476=S$3),0),5)} -> 194304 | T12: {=INDEX(mysql_hardware_log!$A$3:$T$722,MATCH(1,(mysql_hardware_log!$A$3:$A$722=T$2)*(mysql_hardware_log!$B$3:$B$722=T$3),0),8)} -> 1160288 | U12: {=INDEX(mysql_hardware_log!$A$3:$T$722,MATCH(1,(mysql_hardware_log!$A$3:$A$722=T$2)*(mysql_hardware_log!$B$3:$B$722=U$3),0),8)} -> 3587072 | V12: {=INDEX(mysql_hardware_log!$A$3:$T$722,MATCH(1,(mysql_hardware_log!$A$3:$A$722=T$2)*(mysql_hardware_log!$B$3:$B$722=V$3),0),8)} -> 3390028 | W12: {=INDEX(mysql_hardware_log!$A$3:$T$722,MATCH(1,(mysql_hardware_log!$A$3:$A$722=W$2)*(mysql_hardware_log!$B$3:$B$722=W$3),0),8)} -> 3616748 | X12: {=INDEX(mysql_hardware_log!$A$3:$T$722,MATCH(1,(mysql_hardware_log!$A$3:$A$722=W$2)*(mysql_hardware_log!$B$3:$B$722=X$3),0),8)} -> 3590352 | Y12: {=INDEX(mysql_hardware_log!$A$3:$T$722,MATCH(1,(mysql_hardware_log!$A$3:$A$722=W$2)*(mysql_hardware_log!$B$3:$B$722=Y$3),0),8)} -> 3610968 | Z12: {=INDEX(mysql_hardware_log!$A$3:$T$722,MATCH(1,(mysql_hardware_log!$A$3:$A$722=Z$2)*(mysql_hardware_log!$B$3:$B$722=Z$3),0),8)} -> 2973836 | AA12: {=INDEX(mysql_hardware_log!$A$3:$T$722,MATCH(1,(mysql_hardware_log!$A$3:$A$722=Z$2)*(mysql_hardware_log!$B$3:$B$722=AA$3),0),8)} -> 2980708 | AB12: {=INDEX(mysql_hardware_log!$A$3:$T$722,MATCH(1,(mysql_hardware_log!$A$3:$A$722=Z$2)*(mysql_hardware_log!$B$3:$B$722=AB$3),0),8)} -> 2846604 | AC12: {=INDEX(mysql_hardware_log!$A$3:$T$722,MATCH(1,(mysql_hardware_log!$A$3:$A$722=AC$2)*(mysql_hardware_log!$B$3:$B$722=AC$3),0),8)} -> 2785056 | AD12: {=INDEX(mysql_hardware_log!$A$3:$T$722,MATCH(1,(mysql_hardware_log!$A$3:$A$722=AC$2)*(mysql_hardware_log!$B$3:$B$722=AD$3),0),8)} -> 3027668 | AE12: {=INDEX(mysql_hardware_log!$A$3:$T$722,MATCH(1,(mysql_hardware_log!$A$3:$A$722=AC$2)*(mysql_hardware_log!$B$3:$B$722=AE$3),0),8)} -> 2440916 | AF12: {=INDEX(mysql_hardware_log!$A$3:$T$722,MATCH(1,(mysql_hardware_log!$A$3:$A$722=AF$2)*(mysql_hardware_log!$B$3:$B$722=AF$3),0),8)} -> 2477680 | AG12: {=INDEX(mysql_hardware_log!$A$3:$T$722,MATCH(1,(mysql_hardware_log!$A$3:$A$722=AF$2)*(mysql_hardware_log!$B$3:$B$722=AG$3),0),8)} -> 3411656 | AH12: {=INDEX(mysql_hardware_log!$A$3:$T$722,MATCH(1,(mysql_hardware_log!$A$3:$A$722=AF$2)*(mysql_hardware_log!$B$3:$B$722=AH$3),0),8)} -> 3227304 | AI12: {=INDEX(mysql_hardware_log!$A$3:$T$722,MATCH(1,(mysql_hardware_log!$A$3:$A$722=AI$2)*(mysql_hardware_log!$B$3:$B$722=AI$3),0),8)} -> 3338532 | AJ12: {=INDEX(mysql_hardware_log!$A$3:$T$722,MATCH(1,(mysql_hardware_log!$A$3:$A$722=AI$2)*(mysql_hardware_log!$B$3:$B$722=AJ$3),0),8)} -> 2609136 | AK12: {=INDEX(mysql_hardware_log!$A$3:$T$722,MATCH(1,(mysql_hardware_log!$A$3:$A$722=AI$2)*(mysql_hardware_log!$B$3:$B$722=AK$3),0),8)} -> 2012832
A13: Swapped memory at query end (KB) | B13: {=INDEX(mongodb_hardware_log!$A$3:$T$3476,LARGE(IF((mongodb_hardware_log!$A$3:$A$3476=B$2)*(mongodb_hardware_log!$B$3:$B$3476=B$3),ROW(mongodb_hardware_log!$A$3:$A$3476)-2,0),1),5)} -> 135424 | C13: DNR | D13: DNR | E13: {=INDEX(mongodb_hardware_log!$A$3:$T$3476,LARGE(IF((mongodb_hardware_log!$A$3:$A$3476=E$2)*(mongodb_hardware_log!$B$3:$B$3476=E$3),ROW(mongodb_hardware_log!$A$3:$A$3476)-2,0),1),5)} -> 134400 | F13: {=INDEX(mongodb_hardware_log!$A$3:$T$3476,LARGE(IF((mongodb_hardware_log!$A$3:$A$3476=E$2)*(mongodb_hardware_log!$B$3:$B$3476=F$3),ROW(mongodb_hardware_log!$A$3:$A$3476)-2,0),1),5)} -> 133376 | G13: {=INDEX(mongodb_hardware_log!$A$3:$T$3476,LARGE(IF((mongodb_hardware_log!$A$3:$A$3476=E$2)*(mongodb_hardware_log!$B$3:$B$3476=G$3),ROW(mongodb_hardware_log!$A$3:$A$3476)-2,0),1),5)} -> 133376 | H13: {=INDEX(mongodb_hardware_log!$A$3:$T$3476,LARGE(IF((mongodb_hardware_log!$A$3:$A$3476=H$2)*(mongodb_hardware_log!$B$3:$B$3476=H$3),ROW(mongodb_hardware_log!$A$3:$A$3476)-2,0),1),5)} -> 119296 | I13: {=INDEX(mongodb_hardware_log!$A$3:$T$3476,LARGE(IF((mongodb_hardware_log!$A$3:$A$3476=H$2)*(mongodb_hardware_log!$B$3:$B$3476=I$3),ROW(mongodb_hardware_log!$A$3:$A$3476)-2,0),1),5)} -> 119040 | J13: {=INDEX(mongodb_hardware_log!$A$3:$T$3476,LARGE(IF((mongodb_hardware_log!$A$3:$A$3476=H$2)*(mongodb_hardware_log!$B$3:$B$3476=J$3),ROW(mongodb_hardware_log!$A$3:$A$3476)-2,0),1),5)} -> 128512 | K13: {=INDEX(mongodb_hardware_log!$A$3:$T$3476,LARGE(IF((mongodb_hardware_log!$A$3:$A$3476=K$2)*(mongodb_hardware_log!$B$3:$B$3476=K$3),ROW(mongodb_hardware_log!$A$3:$A$3476)-2,0),1),5)} -> 222976 | L13: {=INDEX(mongodb_hardware_log!$A$3:$T$3476,LARGE(IF((mongodb_hardware_log!$A$3:$A$3476=K$2)*(mongodb_hardware_log!$B$3:$B$3476=L$3),ROW(mongodb_hardware_log!$A$3:$A$3476)-2,0),1),5)} -> 212992 | M13: {=INDEX(mongodb_hardware_log!$A$3:$T$3476,LARGE(IF((mongodb_hardware_log!$A$3:$A$3476=K$2)*(mongodb_hardware_log!$B$3:$B$3476=M$3),ROW(mongodb_hardware_log!$A$3:$A$3476)-2,0),1),5)} -> 205568 | N13: {=INDEX(mongodb_hardware_log!$A$3:$T$3476,LARGE(IF((mongodb_hardware_log!$A$3:$A$3476=N$2)*(mongodb_hardware_log!$B$3:$B$3476=N$3),ROW(mongodb_hardware_log!$A$3:$A$3476)-2,0),1),5)} -> 190976 | O13: {=INDEX(mongodb_hardware_log!$A$3:$T$3476,LARGE(IF((mongodb_hardware_log!$A$3:$A$3476=N$2)*(mongodb_hardware_log!$B$3:$B$3476=O$3),ROW(mongodb_hardware_log!$A$3:$A$3476)-2,0),1),5)} -> 190464 | P13: {=INDEX(mongodb_hardware_log!$A$3:$T$3476,LARGE(IF((mongodb_hardware_log!$A$3:$A$3476=N$2)*(mongodb_hardware_log!$B$3:$B$3476=P$3),ROW(mongodb_hardware_log!$A$3:$A$3476)-2,0),1),5)} -> 203776 | Q13: {=INDEX(mongodb_hardware_log!$A$3:$T$3476,LARGE(IF((mongodb_hardware_log!$A$3:$A$3476=Q$2)*(mongodb_hardware_log!$B$3:$B$3476=Q$3),ROW(mongodb_hardware_log!$A$3:$A$3476)-2,0),1),5)} -> 194560 | R13: {=INDEX(mongodb_hardware_log!$A$3:$T$3476,LARGE(IF((mongodb_hardware_log!$A$3:$A$3476=Q$2)*(mongodb_hardware_log!$B$3:$B$3476=R$3),ROW(mongodb_hardware_log!$A$3:$A$3476)-2,0),1),5)} -> 194304 | S13: {=INDEX(mongodb_hardware_log!$A$3:$T$3476,LARGE(IF((mongodb_hardware_log!$A$3:$A$3476=Q$2)*(mongodb_hardware_log!$B$3:$B$3476=S$3),ROW(mongodb_hardware_log!$A$3:$A$3476)-2,0),1),5)} -> 179968 | T13: {=INDEX(mysql_hardware_log!$A$3:$T$722,LARGE(IF((mysql_hardware_log!$A$3:$A$722=T$2)*(mysql_hardware_log!$B$3:$B$722=T$3),ROW(mysql_hardware_log!$A$3:$A$722)-2,0),1),8)} -> 3625196 | U13: {=INDEX(mysql_hardware_log!$A$3:$T$722,LARGE(IF((mysql_hardware_log!$A$3:$A$722=T$2)*(mysql_hardware_log!$B$3:$B$722=U$3),ROW(mysql_hardware_log!$A$3:$A$722)-2,0),1),8)} -> 3277520 | V13: {=INDEX(mysql_hardware_log!$A$3:$T$722,LARGE(IF((mysql_hardware_log!$A$3:$A$722=T$2)*(mysql_hardware_log!$B$3:$B$722=V$3),ROW(mysql_hardware_log!$A$3:$A$722)-2,0),1),8)} -> 3607652 | W13: {=INDEX(mysql_hardware_log!$A$3:$T$722,LARGE(IF((mysql_hardware_log!$A$3:$A$722=W$2)*(mysql_hardware_log!$B$3:$B$722=W$3),ROW(mysql_hardware_log!$A$3:$A$722)-2,0),1),8)} -> 3586780 | X13: {=INDEX(mysql_hardware_log!$A$3:$T$722,LARGE(IF((mysql_hardware_log!$A$3:$A$722=W$2)*(mysql_hardware_log!$B$3:$B$722=X$3),ROW(mysql_hardware_log!$A$3:$A$722)-2,0),1),8)} -> 3616312 | Y13: {=INDEX(mysql_hardware_log!$A$3:$T$722,LARGE(IF((mysql_hardware_log!$A$3:$A$722=W$2)*(mysql_hardware_log!$B$3:$B$722=Y$3),ROW(mysql_hardware_log!$A$3:$A$722)-2,0),1),8)} -> 2936116 | Z13: {=INDEX(mysql_hardware_log!$A$3:$T$722,LARGE(IF((mysql_hardware_log!$A$3:$A$722=Z$2)*(mysql_hardware_log!$B$3:$B$722=Z$3),ROW(mysql_hardware_log!$A$3:$A$722)-2,0),1),8)} -> 2785060 | AA13: {=INDEX(mysql_hardware_log!$A$3:$T$722,LARGE(IF((mysql_hardware_log!$A$3:$A$722=Z$2)*(mysql_hardware_log!$B$3:$B$722=AA$3),ROW(mysql_hardware_log!$A$3:$A$722)-2,0),1),8)} -> 3097464 | AB13: {=INDEX(mysql_hardware_log!$A$3:$T$722,LARGE(IF((mysql_hardware_log!$A$3:$A$722=Z$2)*(mysql_hardware_log!$B$3:$B$722=AB$3),ROW(mysql_hardware_log!$A$3:$A$722)-2,0),1),8)} -> 3130500 | AC13: {=INDEX(mysql_hardware_log!$A$3:$T$722,LARGE(IF((mysql_hardware_log!$A$3:$A$722=AC$2)*(mysql_hardware_log!$B$3:$B$722=AC$3),ROW(mysql_hardware_log!$A$3:$A$722)-2,0),1),8)} -> 3013640 | AD13: {=INDEX(mysql_hardware_log!$A$3:$T$722,LARGE(IF((mysql_hardware_log!$A$3:$A$722=AC$2)*(mysql_hardware_log!$B$3:$B$722=AD$3),ROW(mysql_hardware_log!$A$3:$A$722)-2,0),1),8)} -> 2430720 | AE13: {=INDEX(mysql_hardware_log!$A$3:$T$722,LARGE(IF((mysql_hardware_log!$A$3:$A$722=AC$2)*(mysql_hardware_log!$B$3:$B$722=AE$3),ROW(mysql_hardware_log!$A$3:$A$722)-2,0),1),8)} -> 2477656 | AF13: {=INDEX(mysql_hardware_log!$A$3:$T$722,LARGE(IF((mysql_hardware_log!$A$3:$A$722=AF$2)*(mysql_hardware_log!$B$3:$B$722=AF$3),ROW(mysql_hardware_log!$A$3:$A$722)-2,0),1),8)} -> 3407472 | AG13: {=INDEX(mysql_hardware_log!$A$3:$T$722,LARGE(IF((mysql_hardware_log!$A$3:$A$722=AF$2)*(mysql_hardware_log!$B$3:$B$722=AG$3),ROW(mysql_hardware_log!$A$3:$A$722)-2,0),1),8)} -> 3200848 | AH13: {=INDEX(mysql_hardware_log!$A$3:$T$722,LARGE(IF((mysql_hardware_log!$A$3:$A$722=AF$2)*(mysql_hardware_log!$B$3:$B$722=AH$3),ROW(mysql_hardware_log!$A$3:$A$722)-2,0),1),8)} -> 3077824 | AI13: {=INDEX(mysql_hardware_log!$A$3:$T$722,LARGE(IF((mysql_hardware_log!$A$3:$A$722=AI$2)*(mysql_hardware_log!$B$3:$B$722=AI$3),ROW(mysql_hardware_log!$A$3:$A$722)-2,0),1),8)} -> 2864828 | AJ13: {=INDEX(mysql_hardware_log!$A$3:$T$722,LARGE(IF((mysql_hardware_log!$A$3:$A$722=AI$2)*(mysql_hardware_log!$B$3:$B$722=AJ$3),ROW(mysql_hardware_log!$A$3:$A$722)-2,0),1),8)} -> 2253708 | AK13: {=INDEX(mysql_hardware_log!$A$3:$T$722,LARGE(IF((mysql_hardware_log!$A$3:$A$722=AI$2)*(mysql_hardware_log!$B$3:$B$722=AK$3),ROW(mysql_hardware_log!$A$3:$A$722)-2,0),1),8)} -> 2278632
A14: Δ swpd (KB) | B14: =B13-B12 -> 80896 | C14: DNR | D14: DNR | E14: =E13-E12 -> -1024 | F14: =F13-F12 -> -1024 | G14: =G13-G12 -> 0 | H14: =H13-H12 -> -14080 | I14: =I13-I12 -> -256 | J14: =J13-J12 -> 9472 | K14: =K13-K12 -> 94464 | L14: =L13-L12 -> -9728 | ... AK14: =AK13-AK12 -> 265800
A15: Average swap in (KB/sec) | B15: =IFERROR(AVERAGEIFS(mongodb_hardware_log!$I$3:$I$3476,mongodb_hardware_log!$A$3:$A$3476,B$2,mongodb_hardware_log!$B$3:$B$3476,B$3),"N/A") -> 6.6044568 | C15: DNR | D15: DNR | E15: =IFERROR(AVERAGEIFS(mongodb_hardware_log!$I$3:$I$3476,mongodb_hardware_log!$A$3:$A$3476,E$2,mongodb_hardware_log!$B$3:$B$3476,E$3),"N/A") -> 0.64457831 | F15: =IFERROR(AVERAGEIFS(mongodb_hardware_log!$I$3:$I$3476,mongodb_hardware_log!$A$3:$A$3476,E$2,mongodb_hardware_log!$B$3:$B$3476,F$3),"N/A") -> 0.7005988 | G15: =IFERROR(AVERAGEIFS(mongodb_hardware_log!$I$3:$I$3476,mongodb_hardware_log!$A$3:$A$3476,E$2,mongodb_hardware_log!$B$3:$B$3476,G$3),"N/A") -> 0.012461059 | H15: =IFERROR(AVERAGEIFS(mongodb_hardware_log!$I$3:$I$3476,mongodb_hardware_log!$A$3:$A$3476,H$2,mongodb_hardware_log!$B$3:$B$3476,H$3),"N/A") -> 59.041667 | I15: =IFERROR(AVERAGEIFS(mongodb_hardware_log!$I$3:$I$3476,mongodb_hardware_log!$A$3:$A$3476,H$2,mongodb_hardware_log!$B$3:$B$3476,I$3),"N/A") -> 2.7727273 | J15: =IFERROR(AVERAGEIFS(mongodb_hardware_log!$I$3:$I$3476,mongodb_hardware_log!$A$3:$A$3476,H$2,mongodb_hardware_log!$B$3:$B$3476,J$3),"N/A") -> 0.81818182 | K15: =IFERROR(AVERAGEIFS(mongodb_hardware_log!$I$3:$I$3476,mongodb_hardware_log!$A$3:$A$3476,K$2,mongodb_hardware_log!$B$3:$B$3476,K$3),"N/A") -> 12.077869 | L15: =IFERROR(AVERAGEIFS(mongodb_hardware_log!$I$3:$I$3476,mongodb_hardware_log!$A$3:$A$3476,K$2,mongodb_hardware_log!$B$3:$B$3476,L$3),"N/A") -> 18.428 | M15: =IFERROR(AVERAGEIFS(mongodb_hardware_log!$I$3:$I$3476,mongodb_hardware_log!$A$3:$A$3476,K$2,mongodb_hardware_log!$B$3:$B$3476,M$3),"N/A") -> 14.549407 | N15: =IFERROR(AVERAGEIFS(mongodb_hardware_log!$I$3:$I$3476,mongodb_hardware_log!$A$3:$A$3476,N$2,mongodb_hardware_log!$B$3:$B$3476,N$3),"N/A") -> 90.611111 | O15: =IFERROR(AVERAGEIFS(mongodb_hardware_log!$I$3:$I$3476,mongodb_hardware_log!$A$3:$A$3476,N$2,mongodb_hardware_log!$B$3:$B$3476,O$3),"N/A") -> 11.823529 | P15: =IFERROR(AVERAGEIFS(mongodb_hardware_log!$I$3:$I$3476,mongodb_hardware_log!$A$3:$A$3476,N$2,mongodb_hardware_log!$B$3:$B$3476,P$3),"N/A") -> 3.3888889 | Q15: =IFERROR(AVERAGEIFS(mongodb_hardware_log!$I$3:$I$3476,mongodb_hardware_log!$A$3:$A$3476,Q$2,mongodb_hardware_log!$B$3:$B$3476,Q$3),"N/A") -> 4.2888889 | R15: =IFERROR(AVERAGEIFS(mongodb_hardware_log!$I$3:$I$3476,mongodb_hardware_log!$A$3:$A$3476,Q$2,mongodb_hardware_log!$B$3:$B$3476,R$3),"N/A") -> 0.063136456 | S15: =IFERROR(AVERAGEIFS(mongodb_hardware_log!$I$3:$I$3476,mongodb_hardware_log!$A$3:$A$3476,Q$2,mongodb_hardware_log!$B$3:$B$3476,S$3),"N/A") -> 5.3386774 | T15: =IFERROR(AVERAGEIFS(mysql_hardware_log!$I$3:$I$722,mysql_hardware_log!$A$3:$A$722,T$2,mysql_hardware_log!$B$3:$B$722,T$3),"N/A") -> 44 | U15: =IFERROR(AVERAGEIFS(mysql_hardware_log!$I$3:$I$722,mysql_hardware_log!$A$3:$A$722,T$2,mysql_hardware_log!$B$3:$B$722,U$3),"N/A") -> 3.3380282 | V15: =IFERROR(AVERAGEIFS(mysql_hardware_log!$I$3:$I$722,mysql_hardware_log!$A$3:$A$722,T$2,mysql_hardware_log!$B$3:$B$722,V$3),"N/A") -> 0.95714286 | W15: =IFERROR(AVERAGEIFS(mysql_hardware_log!$I$3:$I$722,mysql_hardware_log!$A$3:$A$722,W$2,mysql_hardware_log!$B$3:$B$722,W$3),"N/A") -> 9.4102564 | X15: =IFERROR(AVERAGEIFS(mysql_hardware_log!$I$3:$I$722,mysql_hardware_log!$A$3:$A$722,W$2,mysql_hardware_log!$B$3:$B$722,X$3),"N/A") -> 6.2820513 | Y15: =IFERROR(AVERAGEIFS(mysql_hardware_log!$I$3:$I$722,mysql_hardware_log!$A$3:$A$722,W$2,mysql_hardware_log!$B$3:$B$722,Y$3),"N/A") -> 6.7837838 | Z15: =IFERROR(AVERAGEIFS(mysql_hardware_log!$I$3:$I$722,mysql_hardware_log!$A$3:$A$722,Z$2,mysql_hardware_log!$B$3:$B$722,Z$3),"N/A") -> 0.33333333 | AA15: =IFERROR(AVERAGEIFS(mysql_hardware_log!$I$3:$I$722,mysql_hardware_log!$A$3:$A$722,Z$2,mysql_hardware_log!$B$3:$B$722,AA$3),"N/A") -> 0.18181818 | AB15: =IFERROR(AVERAGEIFS(mysql_hardware_log!$I$3:$I$722,mysql_hardware_log!$A$3:$A$722,Z$2,mysql_hardware_log!$B$3:$B$722,AB$3),"N/A") -> 0 | AC15: =IFERROR(AVERAGEIFS(mysql_hardware_log!$I$3:$I$722,mysql_hardware_log!$A$3:$A$722,AC$2,mysql_hardware_log!$B$3:$B$722,AC$3),"N/A") -> 89.416667 | AD15: =IFERROR(AVERAGEIFS(mysql_hardware_log!$I$3:$I$722,mysql_hardware_log!$A$3:$A$722,AC$2,mysql_hardware_log!$B$3:$B$722,AD$3),"N/A") -> 2.9166667 | AE15: =IFERROR(AVERAGEIFS(mysql_hardware_log!$I$3:$I$722,mysql_hardware_log!$A$3:$A$722,AC$2,mysql_hardware_log!$B$3:$B$722,AE$3),"N/A") -> 0.54166667 | AF15: =IFERROR(AVERAGEIFS(mysql_hardware_log!$I$3:$I$722,mysql_hardware_log!$A$3:$A$722,AF$2,mysql_hardware_log!$B$3:$B$722,AF$3),"N/A") -> 46.983333 | AG15: =IFERROR(AVERAGEIFS(mysql_hardware_log!$I$3:$I$722,mysql_hardware_log!$A$3:$A$722,AF$2,mysql_hardware_log!$B$3:$B$722,AG$3),"N/A") -> 0.17021277 | AH15: =IFERROR(AVERAGEIFS(mysql_hardware_log!$I$3:$I$722,mysql_hardware_log!$A$3:$A$722,AF$2,mysql_hardware_log!$B$3:$B$722,AH$3),"N/A") -> 0.033898305 | AI15: =IFERROR(AVERAGEIFS(mysql_hardware_log!$I$3:$I$722,mysql_hardware_log!$A$3:$A$722,AI$2,mysql_hardware_log!$B$3:$B$722,AI$3),"N/A") -> 0.10869565 | AJ15: =IFERROR(AVERAGEIFS(mysql_hardware_log!$I$3:$I$722,mysql_hardware_log!$A$3:$A$722,AI$2,mysql_hardware_log!$B$3:$B$722,AJ$3),"N/A") -> 0.26086957 | AK15: =IFERROR(AVERAGEIFS(mysql_hardware_log!$I$3:$I$722,mysql_hardware_log!$A$3:$A$722,AI$2,mysql_hardware_log!$B$3:$B$722,AK$3),"N/A") -> 0.10416667
A16: Average swap out (KB/sec) | B16: =_xlfn.MAXIFS(mongodb_hardware_log!$J$3:$J$3476,mongodb_hardware_log!$A$3:$A$3476,CalculatedMetrics!B$2,mongodb_hardware_log!$B$3:$B$3476,CalculatedMetrics!B$3) -> 5527 | C16: DNR | D16: DNR | E16: =_xlfn.MAXIFS(mongodb_hardware_log!$J$3:$J$3476,mongodb_hardware_log!$A$3:$A$3476,CalculatedMetrics!E$2,mongodb_hardware_log!$B$3:$B$3476,CalculatedMetrics!E$3) -> 31 | F16: =_xlfn.MAXIFS(mongodb_hardware_log!$J$3:$J$3476,mongodb_hardware_log!$A$3:$A$3476,CalculatedMetrics!E$2,mongodb_hardware_log!$B$3:$B$3476,CalculatedMetrics!F$3) -> 0 | G16: =_xlfn.MAXIFS(mongodb_hardware_log!$J$3:$J$3476,mongodb_hardware_log!$A$3:$A$3476,CalculatedMetrics!E$2,mongodb_hardware_log!$B$3:$B$3476,CalculatedMetrics!G$3) -> 0 | H16: =_xlfn.MAXIFS(mongodb_hardware_log!$J$3:$J$3476,mongodb_hardware_log!$A$3:$A$3476,CalculatedMetrics!H$2,mongodb_hardware_log!$B$3:$B$3476,CalculatedMetrics!H$3) -> 0 | I16: =_xlfn.MAXIFS(mongodb_hardware_log!$J$3:$J$3476,mongodb_hardware_log!$A$3:$A$3476,CalculatedMetrics!H$2,mongodb_hardware_log!$B$3:$B$3476,CalculatedMetrics!I$3) -> 0 | J16: =_xlfn.MAXIFS(mongodb_hardware_log!$J$3:$J$3476,mongodb_hardware_log!$A$3:$A$3476,CalculatedMetrics!H$2,mongodb_hardware_log!$B$3:$B$3476,CalculatedMetrics!J$3) -> 930 | K16: =_xlfn.MAXIFS(mongodb_hardware_log!$J$3:$J$3476,mongodb_hardware_log!$A$3:$A$3476,CalculatedMetrics!K$2,mongodb_hardware_log!$B$3:$B$3476,CalculatedMetrics!K$3) -> 4922 | L16: =_xlfn.MAXIFS(mongodb_hardware_log!$J$3:$J$3476,mongodb_hardware_log!$A$3:$A$3476,CalculatedMetrics!K$2,mongodb_hardware_log!$B$3:$B$3476,CalculatedMetrics!L$3) -> 595 | M16: =_xlfn.MAXIFS(mongodb_hardware_log!$J$3:$J$3476,mongodb_hardware_log!$A$3:$A$3476,CalculatedMetrics!K$2,mongodb_hardware_log!$B$3:$B$3476,CalculatedMetrics!M$3) -> 794 | N16: =_xlfn.MAXIFS(mongodb_hardware_log!$J$3:$J$3476,mongodb_hardware_log!$A$3:$A$3476,CalculatedMetrics!N$2,mongodb_hardware_log!$B$3:$B$3476,CalculatedMetrics!N$3) -> 33 | O16: =_xlfn.MAXIFS(mongodb_hardware_log!$J$3:$J$3476,mongodb_hardware_log!$A$3:$A$3476,CalculatedMetrics!N$2,mongodb_hardware_log!$B$3:$B$3476,CalculatedMetrics!O$3) -> 0 | P16: =_xlfn.MAXIFS(mongodb_hardware_log!$J$3:$J$3476,mongodb_hardware_log!$A$3:$A$3476,CalculatedMetrics!N$2,mongodb_hardware_log!$B$3:$B$3476,CalculatedMetrics!P$3) -> 1348 | Q16: =_xlfn.MAXIFS(mongodb_hardware_log!$J$3:$J$3476,mongodb_hardware_log!$A$3:$A$3476,CalculatedMetrics!Q$2,mongodb_hardware_log!$B$3:$B$3476,CalculatedMetrics!Q$3) -> 0 | R16: =_xlfn.MAXIFS(mongodb_hardware_log!$J$3:$J$3476,mongodb_hardware_log!$A$3:$A$3476,CalculatedMetrics!Q$2,mongodb_hardware_log!$B$3:$B$3476,CalculatedMetrics!R$3) -> 0 | S16: =_xlfn.MAXIFS(mongodb_hardware_log!$J$3:$J$3476,mongodb_hardware_log!$A$3:$A$3476,CalculatedMetrics!Q$2,mongodb_hardware_log!$B$3:$B$3476,CalculatedMetrics!S$3) -> 0 | T16: =_xlfn.MAXIFS(mysql_hardware_log!$J$3:$J$722,mysql_hardware_log!$A$3:$A$722,CalculatedMetrics!T$2,mysql_hardware_log!$B$3:$B$722,CalculatedMetrics!T$3) -> 0 | U16: =_xlfn.MAXIFS(mysql_hardware_log!$J$3:$J$722,mysql_hardware_log!$A$3:$A$722,CalculatedMetrics!T$2,mysql_hardware_log!$B$3:$B$722,CalculatedMetrics!U$3) -> 0 | V16: =_xlfn.MAXIFS(mysql_hardware_log!$J$3:$J$722,mysql_hardware_log!$A$3:$A$722,CalculatedMetrics!T$2,mysql_hardware_log!$B$3:$B$722,CalculatedMetrics!V$3) -> 87 | W16: =_xlfn.MAXIFS(mysql_hardware_log!$J$3:$J$722,mysql_hardware_log!$A$3:$A$722,CalculatedMetrics!W$2,mysql_hardware_log!$B$3:$B$722,CalculatedMetrics!W$3) -> 0 | X16: =_xlfn.MAXIFS(mysql_hardware_log!$J$3:$J$722,mysql_hardware_log!$A$3:$A$722,CalculatedMetrics!W$2,mysql_hardware_log!$B$3:$B$722,CalculatedMetrics!X$3) -> 0 | Y16: =_xlfn.MAXIFS(mysql_hardware_log!$J$3:$J$722,mysql_hardware_log!$A$3:$A$722,CalculatedMetrics!W$2,mysql_hardware_log!$B$3:$B$722,CalculatedMetrics!Y$3) -> 0 | Z16: =_xlfn.MAXIFS(mysql_hardware_log!$J$3:$J$722,mysql_hardware_log!$A$3:$A$722,CalculatedMetrics!Z$2,mysql_hardware_log!$B$3:$B$722,CalculatedMetrics!Z$3) -> 0 | AA16: =_xlfn.MAXIFS(mysql_hardware_log!$J$3:$J$722,mysql_hardware_log!$A$3:$A$722,CalculatedMetrics!Z$2,mysql_hardware_log!$B$3:$B$722,CalculatedMetrics!AA$3) -> 0 | AB16: =_xlfn.MAXIFS(mysql_hardware_log!$J$3:$J$722,mysql_hardware_log!$A$3:$A$722,CalculatedMetrics!Z$2,mysql_hardware_log!$B$3:$B$722,CalculatedMetrics!AB$3) -> 0 | AC16: =_xlfn.MAXIFS(mysql_hardware_log!$J$3:$J$722,mysql_hardware_log!$A$3:$A$722,CalculatedMetrics!AC$2,mysql_hardware_log!$B$3:$B$722,CalculatedMetrics!AC$3) -> 0 | AD16: =_xlfn.MAXIFS(mysql_hardware_log!$J$3:$J$722,mysql_hardware_log!$A$3:$A$722,CalculatedMetrics!AC$2,mysql_hardware_log!$B$3:$B$722,CalculatedMetrics!AD$3) -> 0 | AE16: =_xlfn.MAXIFS(mysql_hardware_log!$J$3:$J$722,mysql_hardware_log!$A$3:$A$722,CalculatedMetrics!AC$2,mysql_hardware_log!$B$3:$B$722,CalculatedMetrics!AE$3) -> 0 | AF16: =_xlfn.MAXIFS(mysql_hardware_log!$J$3:$J$722,mysql_hardware_log!$A$3:$A$722,CalculatedMetrics!AF$2,mysql_hardware_log!$B$3:$B$722,CalculatedMetrics!AF$3) -> 48 | AG16: =_xlfn.MAXIFS(mysql_hardware_log!$J$3:$J$722,mysql_hardware_log!$A$3:$A$722,CalculatedMetrics!AF$2,mysql_hardware_log!$B$3:$B$722,CalculatedMetrics!AG$3) -> 22 | AH16: =_xlfn.MAXIFS(mysql_hardware_log!$J$3:$J$722,mysql_hardware_log!$A$3:$A$722,CalculatedMetrics!AF$2,mysql_hardware_log!$B$3:$B$722,CalculatedMetrics!AH$3) -> 41 | AI16: =_xlfn.MAXIFS(mysql_hardware_log!$J$3:$J$722,mysql_hardware_log!$A$3:$A$722,CalculatedMetrics!AI$2,mysql_hardware_log!$B$3:$B$722,CalculatedMetrics!AI$3) -> 60 | AJ16: =_xlfn.MAXIFS(mysql_hardware_log!$J$3:$J$722,mysql_hardware_log!$A$3:$A$722,CalculatedMetrics!AI$2,mysql_hardware_log!$B$3:$B$722,CalculatedMetrics!AJ$3) -> 0 | AK16: =_xlfn.MAXIFS(mysql_hardware_log!$J$3:$J$722,mysql_hardware_log!$A$3:$A$722,CalculatedMetrics!AI$2,mysql_hardware_log!$B$3:$B$722,CalculatedMetrics!AK$3) -> 648
A17: Average blocks in | B17: =IFERROR(AVERAGEIFS(mongodb_hardware_log!$K$3:$K$3476,mongodb_hardware_log!$A$3:$A$3476,B$2,mongodb_hardware_log!$B$3:$B$3476,B$3),"N/A") -> 15330.515 | C17: DNR | D17: DNR | E17: =IFERROR(AVERAGEIFS(mongodb_hardware_log!$K$3:$K$3476,mongodb_hardware_log!$A$3:$A$3476,E$2,mongodb_hardware_log!$B$3:$B$3476,E$3),"N/A") -> 981.39458 | F17: =IFERROR(AVERAGEIFS(mongodb_hardware_log!$K$3:$K$3476,mongodb_hardware_log!$A$3:$A$3476,E$2,mongodb_hardware_log!$B$3:$B$3476,F$3),"N/A") -> 1038.7216 | G17: =IFERROR(AVERAGEIFS(mongodb_hardware_log!$K$3:$K$3476,mongodb_hardware_log!$A$3:$A$3476,E$2,mongodb_hardware_log!$B$3:$B$3476,G$3),"N/A") -> 1188.5981 | H17: =IFERROR(AVERAGEIFS(mongodb_hardware_log!$K$3:$K$3476,mongodb_hardware_log!$A$3:$A$3476,H$2,mongodb_hardware_log!$B$3:$B$3476,H$3),"N/A") -> 7883.9167 | I17: =IFERROR(AVERAGEIFS(mongodb_hardware_log!$K$3:$K$3476,mongodb_hardware_log!$A$3:$A$3476,H$2,mongodb_hardware_log!$B$3:$B$3476,I$3),"N/A") -> 11741.591 | J17: =IFERROR(AVERAGEIFS(mongodb_hardware_log!$K$3:$K$3476,mongodb_hardware_log!$A$3:$A$3476,H$2,mongodb_hardware_log!$B$3:$B$3476,J$3),"N/A") -> 7647.8182 | K17: =IFERROR(AVERAGEIFS(mongodb_hardware_log!$K$3:$K$3476,mongodb_hardware_log!$A$3:$A$3476,K$2,mongodb_hardware_log!$B$3:$B$3476,K$3),"N/A") -> 20126.033 | L17: =IFERROR(AVERAGEIFS(mongodb_hardware_log!$K$3:$K$3476,mongodb_hardware_log!$A$3:$A$3476,K$2,mongodb_hardware_log!$B$3:$B$3476,L$3),"N/A") -> 16551.16 | M17: =IFERROR(AVERAGEIFS(mongodb_hardware_log!$K$3:$K$3476,mongodb_hardware_log!$A$3:$A$3476,K$2,mongodb_hardware_log!$B$3:$B$3476,M$3),"N/A") -> 16016.474 | N17: =IFERROR(AVERAGEIFS(mongodb_hardware_log!$K$3:$K$3476,mongodb_hardware_log!$A$3:$A$3476,N$2,mongodb_hardware_log!$B$3:$B$3476,N$3),"N/A") -> 6819.0556 | O17: =IFERROR(AVERAGEIFS(mongodb_hardware_log!$K$3:$K$3476,mongodb_hardware_log!$A$3:$A$3476,N$2,mongodb_hardware_log!$B$3:$B$3476,O$3),"N/A") -> 4619.0588 | P17: =IFERROR(AVERAGEIFS(mongodb_hardware_log!$K$3:$K$3476,mongodb_hardware_log!$A$3:$A$3476,N$2,mongodb_hardware_log!$B$3:$B$3476,P$3),"N/A") -> 7183.5 | Q17: =IFERROR(AVERAGEIFS(mongodb_hardware_log!$K$3:$K$3476,mongodb_hardware_log!$A$3:$A$3476,Q$2,mongodb_hardware_log!$B$3:$B$3476,Q$3),"N/A") -> 1640.9481 | R17: =IFERROR(AVERAGEIFS(mongodb_hardware_log!$K$3:$K$3476,mongodb_hardware_log!$A$3:$A$3476,Q$2,mongodb_hardware_log!$B$3:$B$3476,R$3),"N/A") -> 1871.6762 | S17: =IFERROR(AVERAGEIFS(mongodb_hardware_log!$K$3:$K$3476,mongodb_hardware_log!$A$3:$A$3476,Q$2,mongodb_hardware_log!$B$3:$B$3476,S$3),"N/A") -> 1887.4188 | T17: =IFERROR(AVERAGEIFS(mysql_hardware_log!$K$3:$K$722,mysql_hardware_log!$A$3:$A$722,T$2,mysql_hardware_log!$B$3:$B$722,T$3),"N/A") -> 13382.197 | U17: =IFERROR(AVERAGEIFS(mysql_hardware_log!$K$3:$K$722,mysql_hardware_log!$A$3:$A$722,T$2,mysql_hardware_log!$B$3:$B$722,U$3),"N/A") -> 8644.1127 | V17: =IFERROR(AVERAGEIFS(mysql_hardware_log!$K$3:$K$722,mysql_hardware_log!$A$3:$A$722,T$2,mysql_hardware_log!$B$3:$B$722,V$3),"N/A") -> 10721.186 | W17: =IFERROR(AVERAGEIFS(mysql_hardware_log!$K$3:$K$722,mysql_hardware_log!$A$3:$A$722,W$2,mysql_hardware_log!$B$3:$B$722,W$3),"N/A") -> 15332.872 | X17: =IFERROR(AVERAGEIFS(mysql_hardware_log!$K$3:$K$722,mysql_hardware_log!$A$3:$A$722,W$2,mysql_hardware_log!$B$3:$B$722,X$3),"N/A") -> 14200.154 | Y17: =IFERROR(AVERAGEIFS(mysql_hardware_log!$K$3:$K$722,mysql_hardware_log!$A$3:$A$722,W$2,mysql_hardware_log!$B$3:$B$722,Y$3),"N/A") -> 11112.676 | Z17: =IFERROR(AVERAGEIFS(mysql_hardware_log!$K$3:$K$722,mysql_hardware_log!$A$3:$A$722,Z$2,mysql_hardware_log!$B$3:$B$722,Z$3),"N/A") -> 4070 | AA17: =IFERROR(AVERAGEIFS(mysql_hardware_log!$K$3:$K$722,mysql_hardware_log!$A$3:$A$722,Z$2,mysql_hardware_log!$B$3:$B$722,AA$3),"N/A") -> 761.72727 | AB17: =IFERROR(AVERAGEIFS(mysql_hardware_log!$K$3:$K$722,mysql_hardware_log!$A$3:$A$722,Z$2,mysql_hardware_log!$B$3:$B$722,AB$3),"N/A") -> 409.27273 | AC17: =IFERROR(AVERAGEIFS(mysql_hardware_log!$K$3:$K$722,mysql_hardware_log!$A$3:$A$722,AC$2,mysql_hardware_log!$B$3:$B$722,AC$3),"N/A") -> 2008.3333 | AD17: =IFERROR(AVERAGEIFS(mysql_hardware_log!$K$3:$K$722,mysql_hardware_log!$A$3:$A$722,AC$2,mysql_hardware_log!$B$3:$B$722,AD$3),"N/A") -> 870.33333 | AE17: =IFERROR(AVERAGEIFS(mysql_hardware_log!$K$3:$K$722,mysql_hardware_log!$A$3:$A$722,AC$2,mysql_hardware_log!$B$3:$B$722,AE$3),"N/A") -> 195.45833 | AF17: =IFERROR(AVERAGEIFS(mysql_hardware_log!$K$3:$K$722,mysql_hardware_log!$A$3:$A$722,AF$2,mysql_hardware_log!$B$3:$B$722,AF$3),"N/A") -> 1446.3333 | AG17: =IFERROR(AVERAGEIFS(mysql_hardware_log!$K$3:$K$722,mysql_hardware_log!$A$3:$A$722,AF$2,mysql_hardware_log!$B$3:$B$722,AG$3),"N/A") -> 1225.9574 | AH17: =IFERROR(AVERAGEIFS(mysql_hardware_log!$K$3:$K$722,mysql_hardware_log!$A$3:$A$722,AF$2,mysql_hardware_log!$B$3:$B$722,AH$3),"N/A") -> 1308.5932 | AI17: =IFERROR(AVERAGEIFS(mysql_hardware_log!$K$3:$K$722,mysql_hardware_log!$A$3:$A$722,AI$2,mysql_hardware_log!$B$3:$B$722,AI$3),"N/A") -> 2510.6957 | AJ17: =IFERROR(AVERAGEIFS(mysql_hardware_log!$K$3:$K$722,mysql_hardware_log!$A$3:$A$722,AI$2,mysql_hardware_log!$B$3:$B$722,AJ$3),"N/A") -> 1716.1087 | AK17: =IFERROR(AVERAGEIFS(mysql_hardware_log!$K$3:$K$722,mysql_hardware_log!$A$3:$A$722,AI$2,mysql_hardware_log!$B$3:$B$722,AK$3),"N/A") -> 7629.5625
A18: Peak blocks in | B18: =_xlfn.MAXIFS(mongodb_hardware_log!$K$3:$K$3476,mongodb_hardware_log!$A$3:$A$3476,CalculatedMetrics!B$2,mongodb_hardware_log!$B$3:$B$3476,CalculatedMetrics!B$3) -> 27483 | C18: DNR | D18: DNR | E18: =_xlfn.MAXIFS(mongodb_hardware_log!$K$3:$K$3476,mongodb_hardware_log!$A$3:$A$3476,CalculatedMetrics!E$2,mongodb_hardware_log!$B$3:$B$3476,CalculatedMetrics!E$3) -> 13536 | F18: =_xlfn.MAXIFS(mongodb_hardware_log!$K$3:$K$3476,mongodb_hardware_log!$A$3:$A$3476,CalculatedMetrics!E$2,mongodb_hardware_log!$B$3:$B$3476,CalculatedMetrics!F$3) -> 3053 | G18: =_xlfn.MAXIFS(mongodb_hardware_log!$K$3:$K$3476,mongodb_hardware_log!$A$3:$A$3476,CalculatedMetrics!E$2,mongodb_hardware_log!$B$3:$B$3476,CalculatedMetrics!G$3) -> 1800 | H18: =_xlfn.MAXIFS(mongodb_hardware_log!$K$3:$K$3476,mongodb_hardware_log!$A$3:$A$3476,CalculatedMetrics!H$2,mongodb_hardware_log!$B$3:$B$3476,CalculatedMetrics!H$3) -> 17095 | I18: =_xlfn.MAXIFS(mongodb_hardware_log!$K$3:$K$3476,mongodb_hardware_log!$A$3:$A$3476,CalculatedMetrics!H$2,mongodb_hardware_log!$B$3:$B$3476,CalculatedMetrics!I$3) -> 18888 | J18: =_xlfn.MAXIFS(mongodb_hardware_log!$K$3:$K$3476,mongodb_hardware_log!$A$3:$A$3476,CalculatedMetrics!H$2,mongodb_hardware_log!$B$3:$B$3476,CalculatedMetrics!J$3) -> 24028 | K18: =_xlfn.MAXIFS(mongodb_hardware_log!$K$3:$K$3476,mongodb_hardware_log!$A$3:$A$3476,CalculatedMetrics!K$2,mongodb_hardware_log!$B$3:$B$3476,CalculatedMetrics!K$3) -> 39406 | L18: =_xlfn.MAXIFS(mongodb_hardware_log!$K$3:$K$3476,mongodb_hardware_log!$A$3:$A$3476,CalculatedMetrics!K$2,mongodb_hardware_log!$B$3:$B$3476,CalculatedMetrics!L$3) -> 26599 | M18: =_xlfn.MAXIFS(mongodb_hardware_log!$K$3:$K$3476,mongodb_hardware_log!$A$3:$A$3476,CalculatedMetrics!K$2,mongodb_hardware_log!$B$3:$B$3476,CalculatedMetrics!M$3) -> 21980 | N18: =_xlfn.MAXIFS(mongodb_hardware_log!$K$3:$K$3476,mongodb_hardware_log!$A$3:$A$3476,CalculatedMetrics!N$2,mongodb_hardware_log!$B$3:$B$3476,CalculatedMetrics!N$3) -> 21416 | O18: =_xlfn.MAXIFS(mongodb_hardware_log!$K$3:$K$3476,mongodb_hardware_log!$A$3:$A$3476,CalculatedMetrics!N$2,mongodb_hardware_log!$B$3:$B$3476,CalculatedMetrics!O$3) -> 8193 | P18: =_xlfn.MAXIFS(mongodb_hardware_log!$K$3:$K$3476,mongodb_hardware_log!$A$3:$A$3476,CalculatedMetrics!N$2,mongodb_hardware_log!$B$3:$B$3476,CalculatedMetrics!P$3) -> 11007 | Q18: =_xlfn.MAXIFS(mongodb_hardware_log!$K$3:$K$3476,mongodb_hardware_log!$A$3:$A$3476,CalculatedMetrics!Q$2,mongodb_hardware_log!$B$3:$B$3476,CalculatedMetrics!Q$3) -> 4484 | R18: =_xlfn.MAXIFS(mongodb_hardware_log!$K$3:$K$3476,mongodb_hardware_log!$A$3:$A$3476,CalculatedMetrics!Q$2,mongodb_hardware_log!$B$3:$B$3476,CalculatedMetrics!R$3) -> 4531 | S18: =_xlfn.MAXIFS(mongodb_hardware_log!$K$3:$K$3476,mongodb_hardware_log!$A$3:$A$3476,CalculatedMetrics!Q$2,mongodb_hardware_log!$B$3:$B$3476,CalculatedMetrics!S$3) -> 5395 | T18: =_xlfn.MAXIFS(mysql_hardware_log!$K$3:$K$722,mysql_hardware_log!$A$3:$A$722,CalculatedMetrics!T$2,mysql_hardware_log!$B$3:$B$722,CalculatedMetrics!T$3) -> 20491 | U18: =_xlfn.MAXIFS(mysql_hardware_log!$K$3:$K$722,mysql_hardware_log!$A$3:$A$722,CalculatedMetrics!T$2,mysql_hardware_log!$B$3:$B$722,CalculatedMetrics!U$3) -> 13836 | V18: =_xlfn.MAXIFS(mysql_hardware_log!$K$3:$K$722,mysql_hardware_log!$A$3:$A$722,CalculatedMetrics!T$2,mysql_hardware_log!$B$3:$B$722,CalculatedMetrics!V$3) -> 13107 | W18: =_xlfn.MAXIFS(mysql_hardware_log!$K$3:$K$722,mysql_hardware_log!$A$3:$A$722,CalculatedMetrics!W$2,mysql_hardware_log!$B$3:$B$722,CalculatedMetrics!W$3) -> 99786 | X18: =_xlfn.MAXIFS(mysql_hardware_log!$K$3:$K$722,mysql_hardware_log!$A$3:$A$722,CalculatedMetrics!W$2,mysql_hardware_log!$B$3:$B$722,CalculatedMetrics!X$3) -> 107819 | Y18: =_xlfn.MAXIFS(mysql_hardware_log!$K$3:$K$722,mysql_hardware_log!$A$3:$A$722,CalculatedMetrics!W$2,mysql_hardware_log!$B$3:$B$722,CalculatedMetrics!Y$3) -> 69338 | Z18: =_xlfn.MAXIFS(mysql_hardware_log!$K$3:$K$722,mysql_hardware_log!$A$3:$A$722,CalculatedMetrics!Z$2,mysql_hardware_log!$B$3:$B$722,CalculatedMetrics!Z$3) -> 21348 | AA18: =_xlfn.MAXIFS(mysql_hardware_log!$K$3:$K$722,mysql_hardware_log!$A$3:$A$722,CalculatedMetrics!Z$2,mysql_hardware_log!$B$3:$B$722,CalculatedMetrics!AA$3) -> 2882 | AB18: =_xlfn.MAXIFS(mysql_hardware_log!$K$3:$K$722,mysql_hardware_log!$A$3:$A$722,CalculatedMetrics!Z$2,mysql_hardware_log!$B$3:$B$722,CalculatedMetrics!AB$3) -> 2326 | AC18: =_xlfn.MAXIFS(mysql_hardware_log!$K$3:$K$722,mysql_hardware_log!$A$3:$A$722,CalculatedMetrics!AC$2,mysql_hardware_log!$B$3:$B$722,CalculatedMetrics!AC$3) -> 2876 | AD18: =_xlfn.MAXIFS(mysql_hardware_log!$K$3:$K$722,mysql_hardware_log!$A$3:$A$722,CalculatedMetrics!AC$2,mysql_hardware_log!$B$3:$B$722,CalculatedMetrics!AD$3) -> 1431 | AE18: =_xlfn.MAXIFS(mysql_hardware_log!$K$3:$K$722,mysql_hardware_log!$A$3:$A$722,CalculatedMetrics!AC$2,mysql_hardware_log!$B$3:$B$722,CalculatedMetrics!AE$3) -> 1225 | AF18: =_xlfn.MAXIFS(mysql_hardware_log!$K$3:$K$722,mysql_hardware_log!$A$3:$A$722,CalculatedMetrics!AF$2,mysql_hardware_log!$B$3:$B$722,CalculatedMetrics!AF$3) -> 5590 | AG18: =_xlfn.MAXIFS(mysql_hardware_log!$K$3:$K$722,mysql_hardware_log!$A$3:$A$722,CalculatedMetrics!AF$2,mysql_hardware_log!$B$3:$B$722,CalculatedMetrics!AG$3) -> 5912 | AH18: =_xlfn.MAXIFS(mysql_hardware_log!$K$3:$K$722,mysql_hardware_log!$A$3:$A$722,CalculatedMetrics!AF$2,mysql_hardware_log!$B$3:$B$722,CalculatedMetrics!AH$3) -> 17826 | AI18: =_xlfn.MAXIFS(mysql_hardware_log!$K$3:$K$722,mysql_hardware_log!$A$3:$A$722,CalculatedMetrics!AI$2,mysql_hardware_log!$B$3:$B$722,CalculatedMetrics!AI$3) -> 27810 | AJ18: =_xlfn.MAXIFS(mysql_hardware_log!$K$3:$K$722,mysql_hardware_log!$A$3:$A$722,CalculatedMetrics!AI$2,mysql_hardware_log!$B$3:$B$722,CalculatedMetrics!AJ$3) -> 23156 | AK18: =_xlfn.MAXIFS(mysql_hardware_log!$K$3:$K$722,mysql_hardware_log!$A$3:$A$722,CalculatedMetrics!AI$2,mysql_hardware_log!$B$3:$B$722,CalculatedMetrics!AK$3) -> 139670
A19: Peak sustained blocks in | B19: =_xlfn.MAXIFS(mongodb_hardware_log!$W$3:$W$3476,mongodb_hardware_log!$A$3:$A$3476,CalculatedMetrics!B$2,mongodb_hardware_log!$B$3:$B$3476,CalculatedMetrics!B$3) -> 22820.833 | C19: DNR | D19: DNR | E19: =_xlfn.MAXIFS(mongodb_hardware_log!$W$3:$W$3476,mongodb_hardware_log!$A$3:$A$3476,CalculatedMetrics!E$2,mongodb_hardware_log!$B$3:$B$3476,CalculatedMetrics!E$3) -> 13853.167 | F19: =_xlfn.MAXIFS(mongodb_hardware_log!$W$3:$W$3476,mongodb_hardware_log!$A$3:$A$3476,CalculatedMetrics!E$2,mongodb_hardware_log!$B$3:$B$3476,CalculatedMetrics!F$3) -> 1365.1667 | G19: =_xlfn.MAXIFS(mongodb_hardware_log!$W$3:$W$3476,mongodb_hardware_log!$A$3:$A$3476,CalculatedMetrics!E$2,mongodb_hardware_log!$B$3:$B$3476,CalculatedMetrics!G$3) -> 1300.8333 | H19: =_xlfn.MAXIFS(mongodb_hardware_log!$W$3:$W$3476,mongodb_hardware_log!$A$3:$A$3476,CalculatedMetrics!H$2,mongodb_hardware_log!$B$3:$B$3476,CalculatedMetrics!H$3) -> 15023.167 | I19: =_xlfn.MAXIFS(mongodb_hardware_log!$W$3:$W$3476,mongodb_hardware_log!$A$3:$A$3476,CalculatedMetrics!H$2,mongodb_hardware_log!$B$3:$B$3476,CalculatedMetrics!I$3) -> 15806.5 | J19: =_xlfn.MAXIFS(mongodb_hardware_log!$W$3:$W$3476,mongodb_hardware_log!$A$3:$A$3476,CalculatedMetrics!H$2,mongodb_hardware_log!$B$3:$B$3476,CalculatedMetrics!J$3) -> 15852.667 | K19: =_xlfn.MAXIFS(mongodb_hardware_log!$W$3:$W$3476,mongodb_hardware_log!$A$3:$A$3476,CalculatedMetrics!K$2,mongodb_hardware_log!$B$3:$B$3476,CalculatedMetrics!K$3) -> 36092.5 | L19: =_xlfn.MAXIFS(mongodb_hardware_log!$W$3:$W$3476,mongodb_hardware_log!$A$3:$A$3476,CalculatedMetrics!K$2,mongodb_hardware_log!$B$3:$B$3476,CalculatedMetrics!L$3) -> 22116.667 | M19: =_xlfn.MAXIFS(mongodb_hardware_log!$W$3:$W$3476,mongodb_hardware_log!$A$3:$A$3476,CalculatedMetrics!K$2,mongodb_hardware_log!$B$3:$B$3476,CalculatedMetrics!M$3) -> 18739.5 | N19: =_xlfn.MAXIFS(mongodb_hardware_log!$W$3:$W$3476,mongodb_hardware_log!$A$3:$A$3476,CalculatedMetrics!N$2,mongodb_hardware_log!$B$3:$B$3476,CalculatedMetrics!N$3) -> 16652.333 | O19: =_xlfn.MAXIFS(mongodb_hardware_log!$W$3:$W$3476,mongodb_hardware_log!$A$3:$A$3476,CalculatedMetrics!N$2,mongodb_hardware_log!$B$3:$B$3476,CalculatedMetrics!O$3) -> 6268 | P19: =_xlfn.MAXIFS(mongodb_hardware_log!$W$3:$W$3476,mongodb_hardware_log!$A$3:$A$3476,CalculatedMetrics!N$2,mongodb_hardware_log!$B$3:$B$3476,CalculatedMetrics!P$3) -> 9572.1667 | Q19: =_xlfn.MAXIFS(mongodb_hardware_log!$W$3:$W$3476,mongodb_hardware_log!$A$3:$A$3476,CalculatedMetrics!Q$2,mongodb_hardware_log!$B$3:$B$3476,CalculatedMetrics!Q$3) -> 8072.3333 | R19: =_xlfn.MAXIFS(mongodb_hardware_log!$W$3:$W$3476,mongodb_hardware_log!$A$3:$A$3476,CalculatedMetrics!Q$2,mongodb_hardware_log!$B$3:$B$3476,CalculatedMetrics!R$3) -> 4219 | S19: =_xlfn.MAXIFS(mongodb_hardware_log!$W$3:$W$3476,mongodb_hardware_log!$A$3:$A$3476,CalculatedMetrics!Q$2,mongodb_hardware_log!$B$3:$B$3476,CalculatedMetrics!S$3) -> 4753.8333 | T19: =_xlfn.MAXIFS(mysql_hardware_log!$W$3:$W$722,mysql_hardware_log!$A$3:$A$722,CalculatedMetrics!T$2,mysql_hardware_log!$B$3:$B$722,CalculatedMetrics!T$3) -> 19456.5 | U19: =_xlfn.MAXIFS(mysql_hardware_log!$W$3:$W$722,mysql_hardware_log!$A$3:$A$722,CalculatedMetrics!T$2,mysql_hardware_log!$B$3:$B$722,CalculatedMetrics!U$3) -> 13466.5 | V19: =_xlfn.MAXIFS(mysql_hardware_log!$W$3:$W$722,mysql_hardware_log!$A$3:$A$722,CalculatedMetrics!T$2,mysql_hardware_log!$B$3:$B$722,CalculatedMetrics!V$3) -> 12521.333 | W19: =_xlfn.MAXIFS(mysql_hardware_log!$W$3:$W$722,mysql_hardware_log!$A$3:$A$722,CalculatedMetrics!W$2,mysql_hardware_log!$B$3:$B$722,CalculatedMetrics!W$3) -> 46598.833 | X19: =_xlfn.MAXIFS(mysql_hardware_log!$W$3:$W$722,mysql_hardware_log!$A$3:$A$722,CalculatedMetrics!W$2,mysql_hardware_log!$B$3:$B$722,CalculatedMetrics!X$3) -> 41090.667 | Y19: =_xlfn.MAXIFS(mysql_hardware_log!$W$3:$W$722,mysql_hardware_log!$A$3:$A$722,CalculatedMetrics!W$2,mysql_hardware_log!$B$3:$B$722,CalculatedMetrics!Y$3) -> 31814.5 | Z19: =_xlfn.MAXIFS(mysql_hardware_log!$W$3:$W$722,mysql_hardware_log!$A$3:$A$722,CalculatedMetrics!Z$2,mysql_hardware_log!$B$3:$B$722,CalculatedMetrics!Z$3) -> 10174 | AA19: =_xlfn.MAXIFS(mysql_hardware_log!$W$3:$W$722,mysql_hardware_log!$A$3:$A$722,CalculatedMetrics!Z$2,mysql_hardware_log!$B$3:$B$722,CalculatedMetrics!AA$3) -> 1396.5 | AB19: =_xlfn.MAXIFS(mysql_hardware_log!$W$3:$W$722,mysql_hardware_log!$A$3:$A$722,CalculatedMetrics!Z$2,mysql_hardware_log!$B$3:$B$722,CalculatedMetrics!AB$3) -> 750.33333 | AC19: =_xlfn.MAXIFS(mysql_hardware_log!$W$3:$W$722,mysql_hardware_log!$A$3:$A$722,CalculatedMetrics!AC$2,mysql_hardware_log!$B$3:$B$722,CalculatedMetrics!AC$3) -> 2291.8333 | AD19: =_xlfn.MAXIFS(mysql_hardware_log!$W$3:$W$722,mysql_hardware_log!$A$3:$A$722,CalculatedMetrics!AC$2,mysql_hardware_log!$B$3:$B$722,CalculatedMetrics!AD$3) -> 1934 | AE19: =_xlfn.MAXIFS(mysql_hardware_log!$W$3:$W$722,mysql_hardware_log!$A$3:$A$722,CalculatedMetrics!AC$2,mysql_hardware_log!$B$3:$B$722,CalculatedMetrics!AE$3) -> 1029.6667 | AF19: =_xlfn.MAXIFS(mysql_hardware_log!$W$3:$W$722,mysql_hardware_log!$A$3:$A$722,CalculatedMetrics!AF$2,mysql_hardware_log!$B$3:$B$722,CalculatedMetrics!AF$3) -> 3230.1667 | AG19: =_xlfn.MAXIFS(mysql_hardware_log!$W$3:$W$722,mysql_hardware_log!$A$3:$A$722,CalculatedMetrics!AF$2,mysql_hardware_log!$B$3:$B$722,CalculatedMetrics!AG$3) -> 3366 | AH19: =_xlfn.MAXIFS(mysql_hardware_log!$W$3:$W$722,mysql_hardware_log!$A$3:$A$722,CalculatedMetrics!AF$2,mysql_hardware_log!$B$3:$B$722,CalculatedMetrics!AH$3) -> 4995.1667 | AI19: =_xlfn.MAXIFS(mysql_hardware_log!$W$3:$W$722,mysql_hardware_log!$A$3:$A$722,CalculatedMetrics!AI$2,mysql_hardware_log!$B$3:$B$722,CalculatedMetrics!AI$3) -> 15895.667 | AJ19: =_xlfn.MAXIFS(mysql_hardware_log!$W$3:$W$722,mysql_hardware_log!$A$3:$A$722,CalculatedMetrics!AI$2,mysql_hardware_log!$B$3:$B$722,CalculatedMetrics!AJ$3) -> 13152.167 | AK19: =_xlfn.MAXIFS(mysql_hardware_log!$W$3:$W$722,mysql_hardware_log!$A$3:$A$722,CalculatedMetrics!AI$2,mysql_hardware_log!$B$3:$B$722,CalculatedMetrics!AK$3) -> 56543
A20: Peak run queue length | B20: =_xlfn.MAXIFS(mongodb_hardware_log!$C$3:$C$3476,mongodb_hardware_log!$A$3:$A$3476,B$2,mongodb_hardware_log!$B$3:$B$3476,CalculatedMetrics!B$3) -> 5 | C20: DNR | D20: DNR | E20: =_xlfn.MAXIFS(mongodb_hardware_log!$C$3:$C$3476,mongodb_hardware_log!$A$3:$A$3476,E$2,mongodb_hardware_log!$B$3:$B$3476,CalculatedMetrics!E$3) -> 8 | F20: =_xlfn.MAXIFS(mongodb_hardware_log!$C$3:$C$3476,mongodb_hardware_log!$A$3:$A$3476,E$2,mongodb_hardware_log!$B$3:$B$3476,CalculatedMetrics!F$3) -> 5 | G20: =_xlfn.MAXIFS(mongodb_hardware_log!$C$3:$C$3476,mongodb_hardware_log!$A$3:$A$3476,E$2,mongodb_hardware_log!$B$3:$B$3476,CalculatedMetrics!G$3) -> 4 | H20: =_xlfn.MAXIFS(mongodb_hardware_log!$C$3:$C$3476,mongodb_hardware_log!$A$3:$A$3476,H$2,mongodb_hardware_log!$B$3:$B$3476,CalculatedMetrics!H$3) -> 2 | I20: =_xlfn.MAXIFS(mongodb_hardware_log!$C$3:$C$3476,mongodb_hardware_log!$A$3:$A$3476,H$2,mongodb_hardware_log!$B$3:$B$3476,CalculatedMetrics!I$3) -> 6 | J20: =_xlfn.MAXIFS(mongodb_hardware_log!$C$3:$C$3476,mongodb_hardware_log!$A$3:$A$3476,H$2,mongodb_hardware_log!$B$3:$B$3476,CalculatedMetrics!J$3) -> 2 | K20: =_xlfn.MAXIFS(mongodb_hardware_log!$C$3:$C$3476,mongodb_hardware_log!$A$3:$A$3476,K$2,mongodb_hardware_log!$B$3:$B$3476,CalculatedMetrics!K$3) -> 6 | L20: =_xlfn.MAXIFS(mongodb_hardware_log!$C$3:$C$3476,mongodb_hardware_log!$A$3:$A$3476,K$2,mongodb_hardware_log!$B$3:$B$3476,CalculatedMetrics!L$3) -> 4 | M20: =_xlfn.MAXIFS(mongodb_hardware_log!$C$3:$C$3476,mongodb_hardware_log!$A$3:$A$3476,K$2,mongodb_hardware_log!$B$3:$B$3476,CalculatedMetrics!M$3) -> 5 | N20: =_xlfn.MAXIFS(mongodb_hardware_log!$C$3:$C$3476,mongodb_hardware_log!$A$3:$A$3476,N$2,mongodb_hardware_log!$B$3:$B$3476,CalculatedMetrics!N$3) -> 2 | O20: =_xlfn.MAXIFS(mongodb_hardware_log!$C$3:$C$3476,mongodb_hardware_log!$A$3:$A$3476,N$2,mongodb_hardware_log!$B$3:$B$3476,CalculatedMetrics!O$3) -> 1 | P20: =_xlfn.MAXIFS(mongodb_hardware_log!$C$3:$C$3476,mongodb_hardware_log!$A$3:$A$3476,N$2,mongodb_hardware_log!$B$3:$B$3476,CalculatedMetrics!P$3) -> 1 | Q20: =_xlfn.MAXIFS(mongodb_hardware_log!$C$3:$C$3476,mongodb_hardware_log!$A$3:$A$3476,Q$2,mongodb_hardware_log!$B$3:$B$3476,CalculatedMetrics!Q$3) -> 6 | R20: =_xlfn.MAXIFS(mongodb_hardware_log!$C$3:$C$3476,mongodb_hardware_log!$A$3:$A$3476,Q$2,mongodb_hardware_log!$B$3:$B$3476,CalculatedMetrics!R$3) -> 7 | S20: =_xlfn.MAXIFS(mongodb_hardware_log!$C$3:$C$3476,mongodb_hardware_log!$A$3:$A$3476,Q$2,mongodb_hardware_log!$B$3:$B$3476,CalculatedMetrics!S$3) -> 7 | T20: =_xlfn.MAXIFS(mysql_hardware_log!$C$3:$C$722,mysql_hardware_log!$A$3:$A$722,T$2,mysql_hardware_log!$B$3:$B$722,CalculatedMetrics!T$3) -> 3 | U20: =_xlfn.MAXIFS(mysql_hardware_log!$C$3:$C$722,mysql_hardware_log!$A$3:$A$722,T$2,mysql_hardware_log!$B$3:$B$722,CalculatedMetrics!U$3) -> 3 | V20: =_xlfn.MAXIFS(mysql_hardware_log!$C$3:$C$722,mysql_hardware_log!$A$3:$A$722,T$2,mysql_hardware_log!$B$3:$B$722,CalculatedMetrics!V$3) -> 3 | W20: =_xlfn.MAXIFS(mysql_hardware_log!$C$3:$C$722,mysql_hardware_log!$A$3:$A$722,W$2,mysql_hardware_log!$B$3:$B$722,CalculatedMetrics!W$3) -> 3 | X20: =_xlfn.MAXIFS(mysql_hardware_log!$C$3:$C$722,mysql_hardware_log!$A$3:$A$722,W$2,mysql_hardware_log!$B$3:$B$722,CalculatedMetrics!X$3) -> 3 | Y20: =_xlfn.MAXIFS(mysql_hardware_log!$C$3:$C$722,mysql_hardware_log!$A$3:$A$722,W$2,mysql_hardware_log!$B$3:$B$722,CalculatedMetrics!Y$3) -> 5 | Z20: =_xlfn.MAXIFS(mysql_hardware_log!$C$3:$C$722,mysql_hardware_log!$A$3:$A$722,Z$2,mysql_hardware_log!$B$3:$B$722,CalculatedMetrics!Z$3) -> 1 | AA20: =_xlfn.MAXIFS(mysql_hardware_log!$C$3:$C$722,mysql_hardware_log!$A$3:$A$722,Z$2,mysql_hardware_log!$B$3:$B$722,CalculatedMetrics!AA$3) -> 1 | AB20: =_xlfn.MAXIFS(mysql_hardware_log!$C$3:$C$722,mysql_hardware_log!$A$3:$A$722,Z$2,mysql_hardware_log!$B$3:$B$722,CalculatedMetrics!AB$3) -> 1 | AC20: =_xlfn.MAXIFS(mysql_hardware_log!$C$3:$C$722,mysql_hardware_log!$A$3:$A$722,AC$2,mysql_hardware_log!$B$3:$B$722,CalculatedMetrics!AC$3) -> 1 | AD20: =_xlfn.MAXIFS(mysql_hardware_log!$C$3:$C$722,mysql_hardware_log!$A$3:$A$722,AC$2,mysql_hardware_log!$B$3:$B$722,CalculatedMetrics!AD$3) -> 2 | AE20: =_xlfn.MAXIFS(mysql_hardware_log!$C$3:$C$722,mysql_hardware_log!$A$3:$A$722,AC$2,mysql_hardware_log!$B$3:$B$722,CalculatedMetrics!AE$3) -> 2 | AF20: =_xlfn.MAXIFS(mysql_hardware_log!$C$3:$C$722,mysql_hardware_log!$A$3:$A$722,AF$2,mysql_hardware_log!$B$3:$B$722,CalculatedMetrics!AF$3) -> 6 | AG20: =_xlfn.MAXIFS(mysql_hardware_log!$C$3:$C$722,mysql_hardware_log!$A$3:$A$722,AF$2,mysql_hardware_log!$B$3:$B$722,CalculatedMetrics!AG$3) -> 7 | AH20: =_xlfn.MAXIFS(mysql_hardware_log!$C$3:$C$722,mysql_hardware_log!$A$3:$A$722,AF$2,mysql_hardware_log!$B$3:$B$722,CalculatedMetrics!AH$3) -> 4 | AI20: =_xlfn.MAXIFS(mysql_hardware_log!$C$3:$C$722,mysql_hardware_log!$A$3:$A$722,AI$2,mysql_hardware_log!$B$3:$B$722,CalculatedMetrics!AI$3) -> 2 | AJ20: =_xlfn.MAXIFS(mysql_hardware_log!$C$3:$C$722,mysql_hardware_log!$A$3:$A$722,AI$2,mysql_hardware_log!$B$3:$B$722,CalculatedMetrics!AJ$3) -> 2 | AK20: =_xlfn.MAXIFS(mysql_hardware_log!$C$3:$C$722,mysql_hardware_log!$A$3:$A$722,AI$2,mysql_hardware_log!$B$3:$B$722,CalculatedMetrics!AK$3) -> 5
A21: Peak sustained run queue length | B21: =_xlfn.MAXIFS(mongodb_hardware_log!$U$3:$U$3476,mongodb_hardware_log!$A$3:$A$3476,B$2,mongodb_hardware_log!$B$3:$B$3476,CalculatedMetrics!B$3) -> 1.6666667 | C21: DNR | D21: DNR | E21: =_xlfn.MAXIFS(mongodb_hardware_log!$U$3:$U$3476,mongodb_hardware_log!$A$3:$A$3476,E$2,mongodb_hardware_log!$B$3:$B$3476,CalculatedMetrics!E$3) -> 3.5 | F21: =_xlfn.MAXIFS(mongodb_hardware_log!$U$3:$U$3476,mongodb_hardware_log!$A$3:$A$3476,E$2,mongodb_hardware_log!$B$3:$B$3476,CalculatedMetrics!F$3) -> 1.6666667 | G21: =_xlfn.MAXIFS(mongodb_hardware_log!$U$3:$U$3476,mongodb_hardware_log!$A$3:$A$3476,E$2,mongodb_hardware_log!$B$3:$B$3476,CalculatedMetrics!G$3) -> 2 | H21: =_xlfn.MAXIFS(mongodb_hardware_log!$U$3:$U$3476,mongodb_hardware_log!$A$3:$A$3476,H$2,mongodb_hardware_log!$B$3:$B$3476,CalculatedMetrics!H$3) -> 1.1666667 | I21: =_xlfn.MAXIFS(mongodb_hardware_log!$U$3:$U$3476,mongodb_hardware_log!$A$3:$A$3476,H$2,mongodb_hardware_log!$B$3:$B$3476,CalculatedMetrics!I$3) -> 2.1666667 | J21: =_xlfn.MAXIFS(mongodb_hardware_log!$U$3:$U$3476,mongodb_hardware_log!$A$3:$A$3476,H$2,mongodb_hardware_log!$B$3:$B$3476,CalculatedMetrics!J$3) -> 1.1666667 | K21: =_xlfn.MAXIFS(mongodb_hardware_log!$U$3:$U$3476,mongodb_hardware_log!$A$3:$A$3476,K$2,mongodb_hardware_log!$B$3:$B$3476,CalculatedMetrics!K$3) -> 2.3333333 | L21: =_xlfn.MAXIFS(mongodb_hardware_log!$U$3:$U$3476,mongodb_hardware_log!$A$3:$A$3476,K$2,mongodb_hardware_log!$B$3:$B$3476,CalculatedMetrics!L$3) -> 1.5 | M21: =_xlfn.MAXIFS(mongodb_hardware_log!$U$3:$U$3476,mongodb_hardware_log!$A$3:$A$3476,K$2,mongodb_hardware_log!$B$3:$B$3476,CalculatedMetrics!M$3) -> 1.8333333 | N21: =_xlfn.MAXIFS(mongodb_hardware_log!$U$3:$U$3476,mongodb_hardware_log!$A$3:$A$3476,N$2,mongodb_hardware_log!$B$3:$B$3476,CalculatedMetrics!N$3) -> 1.3333333 | O21: =_xlfn.MAXIFS(mongodb_hardware_log!$U$3:$U$3476,mongodb_hardware_log!$A$3:$A$3476,N$2,mongodb_hardware_log!$B$3:$B$3476,CalculatedMetrics!O$3) -> 1 | P21: =_xlfn.MAXIFS(mongodb_hardware_log!$U$3:$U$3476,mongodb_hardware_log!$A$3:$A$3476,N$2,mongodb_hardware_log!$B$3:$B$3476,CalculatedMetrics!P$3) -> 1 | Q21: =_xlfn.MAXIFS(mongodb_hardware_log!$U$3:$U$3476,mongodb_hardware_log!$A$3:$A$3476,Q$2,mongodb_hardware_log!$B$3:$B$3476,CalculatedMetrics!Q$3) -> 1.8333333 | R21: =_xlfn.MAXIFS(mongodb_hardware_log!$U$3:$U$3476,mongodb_hardware_log!$A$3:$A$3476,Q$2,mongodb_hardware_log!$B$3:$B$3476,CalculatedMetrics!R$3) -> 2.1666667 | S21: =_xlfn.MAXIFS(mongodb_hardware_log!$U$3:$U$3476,mongodb_hardware_log!$A$3:$A$3476,Q$2,mongodb_hardware_log!$B$3:$B$3476,CalculatedMetrics!S$3) -> 2.8333333 | T21: =_xlfn.MAXIFS(mysql_hardware_log!$U$3:$U$722,mysql_hardware_log!$A$3:$A$722,T$2,mysql_hardware_log!$B$3:$B$722,CalculatedMetrics!T$3) -> 1.3333333 | U21: =_xlfn.MAXIFS(mysql_hardware_log!$U$3:$U$722,mysql_hardware_log!$A$3:$A$722,T$2,mysql_hardware_log!$B$3:$B$722,CalculatedMetrics!U$3) -> 1.3333333 | V21: =_xlfn.MAXIFS(mysql_hardware_log!$U$3:$U$722,mysql_hardware_log!$A$3:$A$722,T$2,mysql_hardware_log!$B$3:$B$722,CalculatedMetrics!V$3) -> 1.8333333 | W21: =_xlfn.MAXIFS(mysql_hardware_log!$U$3:$U$722,mysql_hardware_log!$A$3:$A$722,W$2,mysql_hardware_log!$B$3:$B$722,CalculatedMetrics!W$3) -> 1.3333333 | X21: =_xlfn.MAXIFS(mysql_hardware_log!$U$3:$U$722,mysql_hardware_log!$A$3:$A$722,W$2,mysql_hardware_log!$B$3:$B$722,CalculatedMetrics!X$3) -> 1.5 | Y21: =_xlfn.MAXIFS(mysql_hardware_log!$U$3:$U$722,mysql_hardware_log!$A$3:$A$722,W$2,mysql_hardware_log!$B$3:$B$722,CalculatedMetrics!Y$3) -> 1.6666667 | Z21: =_xlfn.MAXIFS(mysql_hardware_log!$U$3:$U$722,mysql_hardware_log!$A$3:$A$722,Z$2,mysql_hardware_log!$B$3:$B$722,CalculatedMetrics!Z$3) -> 1 | AA21: =_xlfn.MAXIFS(mysql_hardware_log!$U$3:$U$722,mysql_hardware_log!$A$3:$A$722,Z$2,mysql_hardware_log!$B$3:$B$722,CalculatedMetrics!AA$3) -> 0.33333333 | AB21: =_xlfn.MAXIFS(mysql_hardware_log!$U$3:$U$722,mysql_hardware_log!$A$3:$A$722,Z$2,mysql_hardware_log!$B$3:$B$722,CalculatedMetrics!AB$3) -> 0.33333333 | AC21: =_xlfn.MAXIFS(mysql_hardware_log!$U$3:$U$722,mysql_hardware_log!$A$3:$A$722,AC$2,mysql_hardware_log!$B$3:$B$722,CalculatedMetrics!AC$3) -> 1 | AD21: =_xlfn.MAXIFS(mysql_hardware_log!$U$3:$U$722,mysql_hardware_log!$A$3:$A$722,AC$2,mysql_hardware_log!$B$3:$B$722,CalculatedMetrics!AD$3) -> 1.3333333 | AE21: =_xlfn.MAXIFS(mysql_hardware_log!$U$3:$U$722,mysql_hardware_log!$A$3:$A$722,AC$2,mysql_hardware_log!$B$3:$B$722,CalculatedMetrics!AE$3) -> 1.1666667 | AF21: =_xlfn.MAXIFS(mysql_hardware_log!$U$3:$U$722,mysql_hardware_log!$A$3:$A$722,AF$2,mysql_hardware_log!$B$3:$B$722,CalculatedMetrics!AF$3) -> 3.1666667 | AG21: =_xlfn.MAXIFS(mysql_hardware_log!$U$3:$U$722,mysql_hardware_log!$A$3:$A$722,AF$2,mysql_hardware_log!$B$3:$B$722,CalculatedMetrics!AG$3) -> 2.1666667 | AH21: =_xlfn.MAXIFS(mysql_hardware_log!$U$3:$U$722,mysql_hardware_log!$A$3:$A$722,AF$2,mysql_hardware_log!$B$3:$B$722,CalculatedMetrics!AH$3) -> 2 | AI21: =_xlfn.MAXIFS(mysql_hardware_log!$U$3:$U$722,mysql_hardware_log!$A$3:$A$722,AI$2,mysql_hardware_log!$B$3:$B$722,CalculatedMetrics!AI$3) -> 1.6666667 | AJ21: =_xlfn.MAXIFS(mysql_hardware_log!$U$3:$U$722,mysql_hardware_log!$A$3:$A$722,AI$2,mysql_hardware_log!$B$3:$B$722,CalculatedMetrics!AJ$3) -> 1.1666667 | AK21: =_xlfn.MAXIFS(mysql_hardware_log!$U$3:$U$722,mysql_hardware_log!$A$3:$A$722,AI$2,mysql_hardware_log!$B$3:$B$722,CalculatedMetrics!AK$3) -> 1.8333333
A22: Max processes blocked | B22: =_xlfn.MAXIFS(mongodb_hardware_log!$D$3:$D$3476,mongodb_hardware_log!$A$3:$A$3476,B$2,mongodb_hardware_log!$B$3:$B$3476,CalculatedMetrics!B$3) -> 3 | C22: DNR | D22: DNR | E22: =_xlfn.MAXIFS(mongodb_hardware_log!$D$3:$D$3476,mongodb_hardware_log!$A$3:$A$3476,E$2,mongodb_hardware_log!$B$3:$B$3476,CalculatedMetrics!E$3) -> 1 | F22: =_xlfn.MAXIFS(mongodb_hardware_log!$D$3:$D$3476,mongodb_hardware_log!$A$3:$A$3476,E$2,mongodb_hardware_log!$B$3:$B$3476,CalculatedMetrics!F$3) -> 1 | G22: =_xlfn.MAXIFS(mongodb_hardware_log!$D$3:$D$3476,mongodb_hardware_log!$A$3:$A$3476,E$2,mongodb_hardware_log!$B$3:$B$3476,CalculatedMetrics!G$3) -> 1 | H22: =_xlfn.MAXIFS(mongodb_hardware_log!$D$3:$D$3476,mongodb_hardware_log!$A$3:$A$3476,H$2,mongodb_hardware_log!$B$3:$B$3476,CalculatedMetrics!H$3) -> 0 | I22: =_xlfn.MAXIFS(mongodb_hardware_log!$D$3:$D$3476,mongodb_hardware_log!$A$3:$A$3476,H$2,mongodb_hardware_log!$B$3:$B$3476,CalculatedMetrics!I$3) -> 1 | J22: =_xlfn.MAXIFS(mongodb_hardware_log!$D$3:$D$3476,mongodb_hardware_log!$A$3:$A$3476,H$2,mongodb_hardware_log!$B$3:$B$3476,CalculatedMetrics!J$3) -> 0 | K22: =_xlfn.MAXIFS(mongodb_hardware_log!$D$3:$D$3476,mongodb_hardware_log!$A$3:$A$3476,K$2,mongodb_hardware_log!$B$3:$B$3476,CalculatedMetrics!K$3) -> 1 | L22: =_xlfn.MAXIFS(mongodb_hardware_log!$D$3:$D$3476,mongodb_hardware_log!$A$3:$A$3476,K$2,mongodb_hardware_log!$B$3:$B$3476,CalculatedMetrics!L$3) -> 1 | M22: =_xlfn.MAXIFS(mongodb_hardware_log!$D$3:$D$3476,mongodb_hardware_log!$A$3:$A$3476,K$2,mongodb_hardware_log!$B$3:$B$3476,CalculatedMetrics!M$3) -> 2 | N22: =_xlfn.MAXIFS(mongodb_hardware_log!$D$3:$D$3476,mongodb_hardware_log!$A$3:$A$3476,N$2,mongodb_hardware_log!$B$3:$B$3476,CalculatedMetrics!N$3) -> 1 | O22: =_xlfn.MAXIFS(mongodb_hardware_log!$D$3:$D$3476,mongodb_hardware_log!$A$3:$A$3476,N$2,mongodb_hardware_log!$B$3:$B$3476,CalculatedMetrics!O$3) -> 2 | P22: =_xlfn.MAXIFS(mongodb_hardware_log!$D$3:$D$3476,mongodb_hardware_log!$A$3:$A$3476,N$2,mongodb_hardware_log!$B$3:$B$3476,CalculatedMetrics!P$3) -> 1 | Q22: =_xlfn.MAXIFS(mongodb_hardware_log!$D$3:$D$3476,mongodb_hardware_log!$A$3:$A$3476,Q$2,mongodb_hardware_log!$B$3:$B$3476,CalculatedMetrics!Q$3) -> 1 | R22: =_xlfn.MAXIFS(mongodb_hardware_log!$D$3:$D$3476,mongodb_hardware_log!$A$3:$A$3476,Q$2,mongodb_hardware_log!$B$3:$B$3476,CalculatedMetrics!R$3) -> 1 | S22: =_xlfn.MAXIFS(mongodb_hardware_log!$D$3:$D$3476,mongodb_hardware_log!$A$3:$A$3476,Q$2,mongodb_hardware_log!$B$3:$B$3476,CalculatedMetrics!S$3) -> 1 | T22: =_xlfn.MAXIFS(mysql_hardware_log!$D$3:$D$722,mysql_hardware_log!$A$3:$A$722,T$2,mysql_hardware_log!$B$3:$B$722,CalculatedMetrics!T$3) -> 1 | U22: =_xlfn.MAXIFS(mysql_hardware_log!$D$3:$D$722,mysql_hardware_log!$A$3:$A$722,T$2,mysql_hardware_log!$B$3:$B$722,CalculatedMetrics!U$3) -> 1 | V22: =_xlfn.MAXIFS(mysql_hardware_log!$D$3:$D$722,mysql_hardware_log!$A$3:$A$722,T$2,mysql_hardware_log!$B$3:$B$722,CalculatedMetrics!V$3) -> 1 | W22: =_xlfn.MAXIFS(mysql_hardware_log!$D$3:$D$722,mysql_hardware_log!$A$3:$A$722,W$2,mysql_hardware_log!$B$3:$B$722,CalculatedMetrics!W$3) -> 1 | X22: =_xlfn.MAXIFS(mysql_hardware_log!$D$3:$D$722,mysql_hardware_log!$A$3:$A$722,W$2,mysql_hardware_log!$B$3:$B$722,CalculatedMetrics!X$3) -> 1 | Y22: =_xlfn.MAXIFS(mysql_hardware_log!$D$3:$D$722,mysql_hardware_log!$A$3:$A$722,W$2,mysql_hardware_log!$B$3:$B$722,CalculatedMetrics!Y$3) -> 1 | Z22: =_xlfn.MAXIFS(mysql_hardware_log!$D$3:$D$722,mysql_hardware_log!$A$3:$A$722,Z$2,mysql_hardware_log!$B$3:$B$722,CalculatedMetrics!Z$3) -> 1 | AA22: =_xlfn.MAXIFS(mysql_hardware_log!$D$3:$D$722,mysql_hardware_log!$A$3:$A$722,Z$2,mysql_hardware_log!$B$3:$B$722,CalculatedMetrics!AA$3) -> 0 | AB22: =_xlfn.MAXIFS(mysql_hardware_log!$D$3:$D$722,mysql_hardware_log!$A$3:$A$722,Z$2,mysql_hardware_log!$B$3:$B$722,CalculatedMetrics!AB$3) -> 2 | AC22: =_xlfn.MAXIFS(mysql_hardware_log!$D$3:$D$722,mysql_hardware_log!$A$3:$A$722,AC$2,mysql_hardware_log!$B$3:$B$722,CalculatedMetrics!AC$3) -> 0 | AD22: =_xlfn.MAXIFS(mysql_hardware_log!$D$3:$D$722,mysql_hardware_log!$A$3:$A$722,AC$2,mysql_hardware_log!$B$3:$B$722,CalculatedMetrics!AD$3) -> 0 | AE22: =_xlfn.MAXIFS(mysql_hardware_log!$D$3:$D$722,mysql_hardware_log!$A$3:$A$722,AC$2,mysql_hardware_log!$B$3:$B$722,CalculatedMetrics!AE$3) -> 0 | AF22: =_xlfn.MAXIFS(mysql_hardware_log!$D$3:$D$722,mysql_hardware_log!$A$3:$A$722,AF$2,mysql_hardware_log!$B$3:$B$722,CalculatedMetrics!AF$3) -> 1 | AG22: =_xlfn.MAXIFS(mysql_hardware_log!$D$3:$D$722,mysql_hardware_log!$A$3:$A$722,AF$2,mysql_hardware_log!$B$3:$B$722,CalculatedMetrics!AG$3) -> 1 | AH22: =_xlfn.MAXIFS(mysql_hardware_log!$D$3:$D$722,mysql_hardware_log!$A$3:$A$722,AF$2,mysql_hardware_log!$B$3:$B$722,CalculatedMetrics!AH$3) -> 1 | AI22: =_xlfn.MAXIFS(mysql_hardware_log!$D$3:$D$722,mysql_hardware_log!$A$3:$A$722,AI$2,mysql_hardware_log!$B$3:$B$722,CalculatedMetrics!AI$3) -> 1 | AJ22: =_xlfn.MAXIFS(mysql_hardware_log!$D$3:$D$722,mysql_hardware_log!$A$3:$A$722,AI$2,mysql_hardware_log!$B$3:$B$722,CalculatedMetrics!AJ$3) -> 1 | AK22: =_xlfn.MAXIFS(mysql_hardware_log!$D$3:$D$722,mysql_hardware_log!$A$3:$A$722,AI$2,mysql_hardware_log!$B$3:$B$722,CalculatedMetrics!AK$3) -> 1
A23: Max sustained processes blocked | B23: =_xlfn.MAXIFS(mongodb_hardware_log!$V$3:$V$3476,mongodb_hardware_log!$A$3:$A$3476,B$2,mongodb_hardware_log!$B$3:$B$3476,CalculatedMetrics!B$3) -> 1 | C23: DNR | D23: DNR | E23: =_xlfn.MAXIFS(mongodb_hardware_log!$V$3:$V$3476,mongodb_hardware_log!$A$3:$A$3476,E$2,mongodb_hardware_log!$B$3:$B$3476,CalculatedMetrics!E$3) -> 0.5 | F23: =_xlfn.MAXIFS(mongodb_hardware_log!$V$3:$V$3476,mongodb_hardware_log!$A$3:$A$3476,E$2,mongodb_hardware_log!$B$3:$B$3476,CalculatedMetrics!F$3) -> 0.33333333 | G23: =_xlfn.MAXIFS(mongodb_hardware_log!$V$3:$V$3476,mongodb_hardware_log!$A$3:$A$3476,E$2,mongodb_hardware_log!$B$3:$B$3476,CalculatedMetrics!G$3) -> 0.16666667 | H23: =_xlfn.MAXIFS(mongodb_hardware_log!$V$3:$V$3476,mongodb_hardware_log!$A$3:$A$3476,H$2,mongodb_hardware_log!$B$3:$B$3476,CalculatedMetrics!H$3) -> 0.16666667 | I23: =_xlfn.MAXIFS(mongodb_hardware_log!$V$3:$V$3476,mongodb_hardware_log!$A$3:$A$3476,H$2,mongodb_hardware_log!$B$3:$B$3476,CalculatedMetrics!I$3) -> 0.16666667 | J23: =_xlfn.MAXIFS(mongodb_hardware_log!$V$3:$V$3476,mongodb_hardware_log!$A$3:$A$3476,H$2,mongodb_hardware_log!$B$3:$B$3476,CalculatedMetrics!J$3) -> 0 | K23: =_xlfn.MAXIFS(mongodb_hardware_log!$V$3:$V$3476,mongodb_hardware_log!$A$3:$A$3476,K$2,mongodb_hardware_log!$B$3:$B$3476,CalculatedMetrics!K$3) -> 1 | L23: =_xlfn.MAXIFS(mongodb_hardware_log!$V$3:$V$3476,mongodb_hardware_log!$A$3:$A$3476,K$2,mongodb_hardware_log!$B$3:$B$3476,CalculatedMetrics!L$3) -> 1 | M23: =_xlfn.MAXIFS(mongodb_hardware_log!$V$3:$V$3476,mongodb_hardware_log!$A$3:$A$3476,K$2,mongodb_hardware_log!$B$3:$B$3476,CalculatedMetrics!M$3) -> 1 | N23: =_xlfn.MAXIFS(mongodb_hardware_log!$V$3:$V$3476,mongodb_hardware_log!$A$3:$A$3476,N$2,mongodb_hardware_log!$B$3:$B$3476,CalculatedMetrics!N$3) -> 0.66666667 | O23: =_xlfn.MAXIFS(mongodb_hardware_log!$V$3:$V$3476,mongodb_hardware_log!$A$3:$A$3476,N$2,mongodb_hardware_log!$B$3:$B$3476,CalculatedMetrics!O$3) -> 0.5 | P23: =_xlfn.MAXIFS(mongodb_hardware_log!$V$3:$V$3476,mongodb_hardware_log!$A$3:$A$3476,N$2,mongodb_hardware_log!$B$3:$B$3476,CalculatedMetrics!P$3) -> 0.5 | Q23: =_xlfn.MAXIFS(mongodb_hardware_log!$V$3:$V$3476,mongodb_hardware_log!$A$3:$A$3476,Q$2,mongodb_hardware_log!$B$3:$B$3476,CalculatedMetrics!Q$3) -> 0.16666667 | R23: =_xlfn.MAXIFS(mongodb_hardware_log!$V$3:$V$3476,mongodb_hardware_log!$A$3:$A$3476,Q$2,mongodb_hardware_log!$B$3:$B$3476,CalculatedMetrics!R$3) -> 0.33333333 | S23: =_xlfn.MAXIFS(mongodb_hardware_log!$V$3:$V$3476,mongodb_hardware_log!$A$3:$A$3476,Q$2,mongodb_hardware_log!$B$3:$B$3476,CalculatedMetrics!S$3) -> 0.33333333 | T23: =_xlfn.MAXIFS(mysql_hardware_log!$V$3:$V$722,mysql_hardware_log!$A$3:$A$722,T$2,mysql_hardware_log!$B$3:$B$722,CalculatedMetrics!T$3) -> 0.16666667 | U23: =_xlfn.MAXIFS(mysql_hardware_log!$V$3:$V$722,mysql_hardware_log!$A$3:$A$722,T$2,mysql_hardware_log!$B$3:$B$722,CalculatedMetrics!U$3) -> 0.16666667 | V23: =_xlfn.MAXIFS(mysql_hardware_log!$V$3:$V$722,mysql_hardware_log!$A$3:$A$722,T$2,mysql_hardware_log!$B$3:$B$722,CalculatedMetrics!V$3) -> 0.16666667 | W23: =_xlfn.MAXIFS(mysql_hardware_log!$V$3:$V$722,mysql_hardware_log!$A$3:$A$722,W$2,mysql_hardware_log!$B$3:$B$722,CalculatedMetrics!W$3) -> 0.33333333 | X23: =_xlfn.MAXIFS(mysql_hardware_log!$V$3:$V$722,mysql_hardware_log!$A$3:$A$722,W$2,mysql_hardware_log!$B$3:$B$722,CalculatedMetrics!X$3) -> 0.5 | Y23: =_xlfn.MAXIFS(mysql_hardware_log!$V$3:$V$722,mysql_hardware_log!$A$3:$A$722,W$2,mysql_hardware_log!$B$3:$B$722,CalculatedMetrics!Y$3) -> 0.16666667 | Z23: =_xlfn.MAXIFS(mysql_hardware_log!$V$3:$V$722,mysql_hardware_log!$A$3:$A$722,Z$2,mysql_hardware_log!$B$3:$B$722,CalculatedMetrics!Z$3) -> 0.16666667 | AA23: =_xlfn.MAXIFS(mysql_hardware_log!$V$3:$V$722,mysql_hardware_log!$A$3:$A$722,Z$2,mysql_hardware_log!$B$3:$B$722,CalculatedMetrics!AA$3) -> 0 | AB23: =_xlfn.MAXIFS(mysql_hardware_log!$V$3:$V$722,mysql_hardware_log!$A$3:$A$722,Z$2,mysql_hardware_log!$B$3:$B$722,CalculatedMetrics!AB$3) -> 0.33333333 | AC23: =_xlfn.MAXIFS(mysql_hardware_log!$V$3:$V$722,mysql_hardware_log!$A$3:$A$722,AC$2,mysql_hardware_log!$B$3:$B$722,CalculatedMetrics!AC$3) -> 0 | AD23: =_xlfn.MAXIFS(mysql_hardware_log!$V$3:$V$722,mysql_hardware_log!$A$3:$A$722,AC$2,mysql_hardware_log!$B$3:$B$722,CalculatedMetrics!AD$3) -> 0 | AE23: =_xlfn.MAXIFS(mysql_hardware_log!$V$3:$V$722,mysql_hardware_log!$A$3:$A$722,AC$2,mysql_hardware_log!$B$3:$B$722,CalculatedMetrics!AE$3) -> 0 | AF23: =_xlfn.MAXIFS(mysql_hardware_log!$V$3:$V$722,mysql_hardware_log!$A$3:$A$722,AF$2,mysql_hardware_log!$B$3:$B$722,CalculatedMetrics!AF$3) -> 0.33333333 | AG23: =_xlfn.MAXIFS(mysql_hardware_log!$V$3:$V$722,mysql_hardware_log!$A$3:$A$722,AF$2,mysql_hardware_log!$B$3:$B$722,CalculatedMetrics!AG$3) -> 0.5 | AH23: =_xlfn.MAXIFS(mysql_hardware_log!$V$3:$V$722,mysql_hardware_log!$A$3:$A$722,AF$2,mysql_hardware_log!$B$3:$B$722,CalculatedMetrics!AH$3) -> 0.5 | AI23: =_xlfn.MAXIFS(mysql_hardware_log!$V$3:$V$722,mysql_hardware_log!$A$3:$A$722,AI$2,mysql_hardware_log!$B$3:$B$722,CalculatedMetrics!AI$3) -> 0.66666667 | AJ23: =_xlfn.MAXIFS(mysql_hardware_log!$V$3:$V$722,mysql_hardware_log!$A$3:$A$722,AI$2,mysql_hardware_log!$B$3:$B$722,CalculatedMetrics!AJ$3) -> 0.16666667 | AK23: =_xlfn.MAXIFS(mysql_hardware_log!$V$3:$V$722,mysql_hardware_log!$A$3:$A$722,AI$2,mysql_hardware_log!$B$3:$B$722,CalculatedMetrics!AK$3) -> 0.66666667
A24: Per Query Averages
A25: Latency (secs) | B25: =B4 -> N/A | E25: =AVERAGE(E4:G4) -> 3289.542 | H25: =AVERAGE(H4:J4) -> 226.09473 | K25: =AVERAGE(K4:M4) -> 2491.3991 | N25: =AVERAGE(N4:P4) -> 176.9879 | Q25: =AVERAGE(Q4:S4) -> 2554.9402 | T25: =AVERAGE(T4:V4) -> 676.7213 | W25: =AVERAGE(W4:Y4) -> 383.16443 | Z25: =AVERAGE(Z4:AB4) -> 123.3866 | AC25: =AVERAGE(AC4:AE4) -> 197.9257 | AF25: =AVERAGE(AF4:AH4) -> 553.5006 | AI25: =AVERAGE(AI4:AK4) -> 466.39043
A26: Average CPU usage % | B26: =B5 -> 20.320334 | E26: =AVERAGE(E5:G5) -> 33.256545 | H26: =AVERAGE(H5:J5) -> 30.621212 | K26: =AVERAGE(K5:M5) -> 19.482418 | N26: =AVERAGE(N5:P5) -> 30.023965 | Q26: =AVERAGE(Q5:S5) -> 33.633297 | T26: =AVERAGE(T5:V5) -> 32.329243 | W26: =AVERAGE(W5:Y5) -> 30.104643 | Z26: =AVERAGE(Z5:AB5) -> 11.773737 | AC26: =AVERAGE(AC5:AE5) -> 37.805556 | AF26: =AVERAGE(AF5:AH5) -> 36.26529 | AI26: =AVERAGE(AI5:AK5) -> 22.733998
A27: Average CPU wait % | B27: =B6 -> 24.827298 | E27: =AVERAGE(E6:G6) -> 0.28312341 | H27: =AVERAGE(H6:J6) -> 3.7436869 | K27: =AVERAGE(K6:M6) -> 24.63989 | N27: =AVERAGE(N6:P6) -> 6.2015251 | Q27: =AVERAGE(Q6:S6) -> 0.68280646 | T27: =AVERAGE(T6:V6) -> 1.2899407 | W27: =AVERAGE(W6:Y6) -> 3.5167475 | Z27: =AVERAGE(Z6:AB6) -> 4.3474747 | AC27: =AVERAGE(AC6:AE6) -> 0.083333333 | AF27: =AVERAGE(AF6:AH6) -> 2.7946508 | AI27: =AVERAGE(AI6:AK6) -> 3.47343
A28: Average CPU idle % | B28: =B7 -> 46.983287 | E28: =AVERAGE(E7:G7) -> 64.467526 | H28: =AVERAGE(H7:J7) -> 62.314394 | K28: =AVERAGE(K7:M7) -> 47.505369 | N28: =AVERAGE(N7:P7) -> 60.485839 | Q28: =AVERAGE(Q7:S7) -> 63.498676 | T28: =AVERAGE(T7:V7) -> 62.834591 | W28: =AVERAGE(W7:Y7) -> 62.333564 | Z28: =AVERAGE(Z7:AB7) -> 81.553535 | AC28: =AVERAGE(AC7:AE7) -> 60.944444 | AF28: =AVERAGE(AF7:AH7) -> 56.090999 | AI28: =AVERAGE(AI7:AK7) -> 61.851449
A29: Min free memory (KB) | B29: =B8 -> 99408 | E29: =AVERAGE(E8:G8) -> 107701.33 | H29: =AVERAGE(H8:J8) -> 103916 | K29: =AVERAGE(K8:M8) -> 101276 | N29: =AVERAGE(N8:P8) -> 109589.33 | Q29: =AVERAGE(Q8:S8) -> 104741.33 | T29: =AVERAGE(T8:V8) -> 101676 | W29: =AVERAGE(W8:Y8) -> 104570.67 | Z29: =AVERAGE(Z8:AB8) -> 245829.33 | AC29: =AVERAGE(AC8:AE8) -> 681246.67 | AF29: =AVERAGE(AF8:AH8) -> 104057.33 | AI29: =AVERAGE(AI8:AK8) -> 121676
A30: Δ Cache (KB) | B30: =B11 -> -89260 | E30: =AVERAGE(E11:G11) -> -61308 | H30: =AVERAGE(H11:J11) -> 167018.67 | K30: =AVERAGE(K11:M11) -> -113112 | N30: =AVERAGE(N11:P11) -> 184588 | Q30: =AVERAGE(Q11:S11) -> 438160 | T30: =AVERAGE(T11:V11) -> 790993.33 | W30: =AVERAGE(W11:Y11) -> -226286.67 | Z30: =AVERAGE(Z11:AB11) -> 70625.333 | AC30: =AVERAGE(AC11:AE11) -> -110541.33 | AF30: =AVERAGE(AF11:AH11) -> 189834.67 | AI30: =AVERAGE(AI11:AK11) -> -187777.33
A31: Δ swpd (KB) | B31: =B14 -> 80896 | E31: =AVERAGE(E14:G14) -> -682.66667 | H31: =AVERAGE(H14:J14) -> -1621.3333 | K31: =AVERAGE(K14:M14) -> 25770.667 | N31: =AVERAGE(N14:P14) -> 0 | Q31: =AVERAGE(Q14:S14) -> -7850.6667 | T31: =AVERAGE(T14:V14) -> 790993.33 | W31: =AVERAGE(W14:Y14) -> -226286.67 | Z31: =AVERAGE(Z14:AB14) -> 70625.333 | AC31: =AVERAGE(AC14:AE14) -> -110541.33 | AF31: =AVERAGE(AF14:AH14) -> 189834.67 | AI31: =AVERAGE(AI14:AK14) -> -187777.33
A32: Average swap in (KB/sec) | B32: =B15 -> 6.6044568 | E32: =AVERAGE(E15:G15) -> 0.45254606 | H32: =AVERAGE(H15:J15) -> 20.877525 | K32: =AVERAGE(K15:M15) -> 15.018425 | N32: =AVERAGE(N15:P15) -> 35.27451 | Q32: =AVERAGE(Q15:S15) -> 3.2302342 | T32: =AVERAGE(T15:V15) -> 16.09839 | W32: =AVERAGE(W15:Y15) -> 7.4920305 | Z32: =AVERAGE(Z15:AB15) -> 0.17171717 | AC32: =AVERAGE(AC15:AE15) -> 30.958333 | AF32: =AVERAGE(AF15:AH15) -> 15.729148 | AI32: =AVERAGE(AI15:AK15) -> 0.15791063
A33: Average swap out (KB/sec) | B33: =B16 -> 5527 | E33: =AVERAGE(E16:G16) -> 10.333333 | H33: =AVERAGE(H16:J16) -> 310 | K33: =AVERAGE(K16:M16) -> 2103.6667 | N33: =AVERAGE(N16:P16) -> 460.33333 | Q33: =AVERAGE(Q16:S16) -> 0 | T33: =AVERAGE(T16:V16) -> 29 | W33: =AVERAGE(W16:Y16) -> 0 | Z33: =AVERAGE(Z16:AB16) -> 0 | AC33: =AVERAGE(AC16:AE16) -> 0 | AF33: =AVERAGE(AF16:AH16) -> 37 | AI33: =AVERAGE(AI16:AK16) -> 236
A34: Average blocks in | B34: =B17 -> 15330.515 | E34: =AVERAGE(E17:G17) -> 1069.5714 | H34: =AVERAGE(H17:J17) -> 9091.1086 | K34: =AVERAGE(K17:M17) -> 17564.556 | N34: =AVERAGE(N17:P17) -> 6207.2048 | Q34: =AVERAGE(Q17:S17) -> 1800.0144 | T34: =AVERAGE(T17:V17) -> 10915.832 | W34: =AVERAGE(W17:Y17) -> 13548.567 | Z34: =AVERAGE(Z17:AB17) -> 1747 | AC34: =AVERAGE(AC17:AE17) -> 1024.7083 | AF34: =AVERAGE(AF17:AH17) -> 1326.9613 | AI34: =AVERAGE(AI17:AK17) -> 3952.1223
A35: Peak blocks in | B35: =B18 -> 27483 | E35: =AVERAGE(E18:G18) -> 6129.6667 | H35: =AVERAGE(H18:J18) -> 20003.667 | K35: =AVERAGE(K18:M18) -> 29328.333 | N35: =AVERAGE(N18:P18) -> 13538.667 | Q35: =AVERAGE(Q18:S18) -> 4803.3333 | T35: =AVERAGE(T18:V18) -> 15811.333 | W35: =AVERAGE(W18:Y18) -> 92314.333 | Z35: =AVERAGE(Z18:AB18) -> 8852 | AC35: =AVERAGE(AC18:AE18) -> 1844 | AF35: =AVERAGE(AF18:AH18) -> 9776 | AI35: =AVERAGE(AI18:AK18) -> 63545.333
A36: Peak sustained blocks in | B36: =B19 -> 22820.833 | E36: =AVERAGE(E19:G19) -> 5506.3889 | H36: =AVERAGE(H19:J19) -> 15560.778 | K36: =AVERAGE(K19:M19) -> 25649.556 | N36: =AVERAGE(N19:P19) -> 10830.833 | Q36: =AVERAGE(Q19:S19) -> 5681.7222 | T36: =AVERAGE(T19:V19) -> 15148.111 | W36: =AVERAGE(W19:Y19) -> 39834.667 | Z36: =AVERAGE(Z19:AB19) -> 4106.9444 | AC36: =AVERAGE(AC19:AE19) -> 1751.8333 | AF36: =AVERAGE(AF19:AH19) -> 3863.7778 | AI36: =AVERAGE(AI19:AK19) -> 28530.278
A37: Peak run queue length | B37: =B20 -> 5 | E37: =AVERAGE(E20:G20) -> 5.6666667 | H37: =AVERAGE(H20:J20) -> 3.3333333 | K37: =AVERAGE(K20:M20) -> 5 | N37: =AVERAGE(N20:P20) -> 1.3333333 | Q37: =AVERAGE(Q20:S20) -> 6.6666667 | T37: =AVERAGE(T20:V20) -> 3 | W37: =AVERAGE(W20:Y20) -> 3.6666667 | Z37: =AVERAGE(Z20:AB20) -> 1 | AC37: =AVERAGE(AC20:AE20) -> 1.6666667 | AF37: =AVERAGE(AF20:AH20) -> 5.6666667 | AI37: =AVERAGE(AI20:AK20) -> 3
A38: Peak sustained run queue length | B38: =B21 -> 1.6666667 | E38: =AVERAGE(E21:G21) -> 2.3888889 | H38: =AVERAGE(H21:J21) -> 1.5 | K38: =AVERAGE(K21:M21) -> 1.8888889 | N38: =AVERAGE(N21:P21) -> 1.1111111 | Q38: =AVERAGE(Q21:S21) -> 2.2777778 | T38: =AVERAGE(T21:V21) -> 1.5 | W38: =AVERAGE(W21:Y21) -> 1.5 | Z38: =AVERAGE(Z21:AB21) -> 0.55555556 | AC38: =AVERAGE(AC21:AE21) -> 1.1666667 | AF38: =AVERAGE(AF21:AH21) -> 2.4444444 | AI38: =AVERAGE(AI21:AK21) -> 1.5555556
A39: Max processes blocked | B39: =B22 -> 3 | E39: =AVERAGE(E22:G22) -> 1 | H39: =AVERAGE(H22:J22) -> 0.33333333 | K39: =AVERAGE(K22:M22) -> 1.3333333 | N39: =AVERAGE(N22:P22) -> 1.3333333 | Q39: =AVERAGE(Q22:S22) -> 1 | T39: =AVERAGE(T22:V22) -> 1 | W39: =AVERAGE(W22:Y22) -> 1 | Z39: =AVERAGE(Z22:AB22) -> 1 | AC39: =AVERAGE(AC22:AE22) -> 0 | AF39: =AVERAGE(AF22:AH22) -> 1 | AI39: =AVERAGE(AI22:AK22) -> 1
A40: Max sustained processes blocked | B40: =B23 -> 1 | E40: =AVERAGE(E23:G23) -> 0.33333333 | H40: =AVERAGE(H23:J23) -> 0.11111111 | K40: =AVERAGE(K23:M23) -> 1 | N40: =AVERAGE(N23:P23) -> 0.55555556 | Q40: =AVERAGE(Q23:S23) -> 0.27777778 | T40: =AVERAGE(T23:V23) -> 0.16666667 | W40: =AVERAGE(W23:Y23) -> 0.33333333 | Z40: =AVERAGE(Z23:AB23) -> 0.16666667 | AC40: =AVERAGE(AC23:AE23) -> 0 | AF40: =AVERAGE(AF23:AH23) -> 0.44444444 | AI40: =AVERAGE(AI23:AK23) -> 0.5

Sheet BenchmarkResults
A1: Query Identifier | B1: Query | C1: System | D1: Iteration | E1: Status | F1: Start_Timestamp_UTC | G1: End_Timestamp_UTC | H1: Latency_Seconds | I1: Spilled_To_Disk | J1: Sys_RAM_Usage_Percent | K1: Disk_Read_MB | L1: Disk_Write_MB
A2: =C2&" - "&B2&" - Iteration "&D2 -> MongoDB - q1_top_cities - Iteration 1 | B2: q1_top_cities | C2: MongoDB | D2: 1 | E2: connection_lost | F2: 46247.484 | I2: FALSE
A3: =C3&" - "&B3&" - Iteration "&D3 -> MongoDB - q2_avg_order_city - Iteration 1 | B3: q2_avg_order_city | C3: MongoDB | D3: 1 | E3: success | F3: 46247.526 | G3: 46247.564 | H3: 3314.6677 | I3: FALSE | J3: 2.5 | K3: 0 | L3: 10.05
A4: =C4&" - "&B4&" - Iteration "&D4 -> MongoDB - q2_avg_order_city - Iteration 2 | B4: q2_avg_order_city | C4: MongoDB | D4: 2 | E4: success | F4: 46247.564 | G4: 46247.603 | H4: 3337.8917 | I4: FALSE | J4: 2.4 | K4: 0 | L4: 9.55
A5: =C5&" - "&B5&" - Iteration "&D5 -> MongoDB - q2_avg_order_city - Iteration 3 | B5: q2_avg_order_city | C5: MongoDB | D5: 3 | E5: success | F5: 46247.603 | G5: 46247.64 | H5: 3216.0666 | I5: FALSE | J5: 2.4 | K5: 0 | L5: 10.47
A6: =C6&" - "&B6&" - Iteration "&D6 -> MongoDB - q3_customer_spend_stats - Iteration 1 | B6: q3_customer_spend_stats | C6: MongoDB | D6: 1 | E6: success | F6: 46247.64 | G6: 46247.643 | H6: 236.3744 | I6: TRUE | J6: 3 | K6: 0 | L6: 0.44
A7: =C7&" - "&B7&" - Iteration "&D7 -> MongoDB - q3_customer_spend_stats - Iteration 2 | B7: q3_customer_spend_stats | C7: MongoDB | D7: 2 | E7: success | F7: 46247.643 | G7: 46247.646 | H7: 222.6706 | I7: TRUE | J7: 2.9 | K7: 0 | L7: 0.57
A8: =C8&" - "&B8&" - Iteration "&D8 -> MongoDB - q3_customer_spend_stats - Iteration 3 | B8: q3_customer_spend_stats | C8: MongoDB | D8: 3 | E8: success | F8: 46247.646 | G8: 46247.648 | H8: 219.2392 | I8: TRUE | J8: 2.8 | K8: 0 | L8: 0.97
A9: =C9&" - "&B9&" - Iteration "&D9 -> MongoDB - q4_category_revenue - Iteration 1 | B9: q4_category_revenue | C9: MongoDB | D9: 1 | E9: success | F9: 46247.648 | G9: 46247.676 | H9: 2439.8207 | I9: FALSE | J9: 2.7 | K9: 0 | L9: 6.71
A10: =C10&" - "&B10&" - Iteration "&D10 -> MongoDB - q4_category_revenue - Iteration 2 | B10: q4_category_revenue | C10: MongoDB | D10: 2 | E10: success | F10: 46247.676 | G10: 46247.705 | H10: 2498.857 | I10: FALSE | J10: 2.8 | K10: 0 | L10: 6.61
A11: =C11&" - "&B11&" - Iteration "&D11 -> MongoDB - q4_category_revenue - Iteration 3 | B11: q4_category_revenue | C11: MongoDB | D11: 3 | E11: success | F11: 46247.705 | G11: 46247.735 | H11: 2535.5197 | I11: FALSE | J11: 2.7 | K11: 0 | L11: 7.62
A12: =C12&" - "&B12&" - Iteration "&D12 -> MongoDB - q5_top_customers - Iteration 1 | B12: q5_top_customers | C12: MongoDB | D12: 1 | E12: success | F12: 46247.735 | G12: 46247.737 | H12: 176.5896 | I12: TRUE | J12: 2.7 | K12: 0 | L12: 0.4
A13: =C13&" - "&B13&" - Iteration "&D13 -> MongoDB - q5_top_customers - Iteration 2 | B13: q5_top_customers | C13: MongoDB | D13: 2 | E13: success | F13: 46247.737 | G13: 46247.739 | H13: 171.4585 | I13: TRUE | J13: 2.7 | K13: 0 | L13: 0.45
A14: =C14&" - "&B14&" - Iteration "&D14 -> MongoDB - q5_top_customers - Iteration 3 | B14: q5_top_customers | C14: MongoDB | D14: 3 | E14: success | F14: 46247.739 | G14: 46247.741 | H14: 182.9156 | I14: TRUE | J14: 2.7 | K14: 0 | L14: 0.7
... A35: =C35&" - "&B35&" - Iteration "&D35 -> MySQL - q6_inactive_customers - Iteration 3 | B35: q6_inactive_customers | C35: MySQL | D35: 3 | E35: success | F35: 46247.405 | G35: 46247.411 | H35: 474.4045 | I35: FALSE | J35: 2.5 | K35: 0 | L35: 1.25

Sheet mysql_hardware_log
A1: Query Details | C1: Procs | E1: Memory | I1: Swap | K1: I/O | M1: System | O1: CPU | T1: Timestamp | U1: Calculated
A2: Query | B2: Iteration | C2: r | D2: b | E2: swpd | F2: free | G2: buff | H2: cache | I2: si | J2: so | K2: bi | L2: bo | M2: in | N2: cs | O2: us | P2: sy | Q2: id | R2: wa | S2: st | T2: UTC | U2: Rolling r | V2: Rolling b | W2: Rolling bi
A3: {=INDEX(BenchmarkResults!$B$1:$D$35,SUMPRODUCT((T3>=BenchmarkResults!$F$2:$F$35)*(mysql_hardware_log!T3<BenchmarkResults!$G$2:$G$35)*ROW(BenchmarkResults!$F$2:$F$35)),{1,3})} -> q1_top_cities | B3: 1 | C3: 2 | D3: 0 | E3: 470016 | F3: 2557788 | G3: 22736 | H3: 1160288 | I3: 1619 | J3: 0 | K3: 20491 | L3: 131 | M3: 1922 | N3: 893 | O3: 36 | P3: 8 | Q3: 49 | R3: 7 | S3: 0 | T3: 46247.328
A4: {=INDEX(BenchmarkResults!$B$1:$D$35,SUMPRODUCT((T4>=BenchmarkResults!$F$2:$F$35)*(mysql_hardware_log!T4<BenchmarkResults!$G$2:$G$35)*ROW(BenchmarkResults!$F$2:$F$35)),{1,3})} -> q1_top_cities | B4: 1 | C4: 1 | D4: 0 | E4: 470016 | F4: 2352676 | G4: 22744 | H4: 1358276 | I4: 0 | J4: 0 | K4: 19794 | L4: 2 | M4: 1707 | N4: 573 | O4: 43 | P4: 6 | Q4: 49 | R4: 2 | S4: 0 | T4: 46247.328
A5: {=INDEX(BenchmarkResults!$B$1:$D$35,SUMPRODUCT((T5>=BenchmarkResults!$F$2:$F$35)*(mysql_hardware_log!T5<BenchmarkResults!$G$2:$G$35)*ROW(BenchmarkResults!$F$2:$F$35)),{1,3})} -> q1_top_cities | B5: 1 | C5: 1 | D5: 0 | E5: 470016 | F5: 2173504 | G5: 22752 | H5: 1540088 | I5: 112 | J5: 0 | K5: 18300 | L5: 9 | M5: 1691 | N5: 596 | O5: 41 | P5: 6 | Q5: 49 | R5: 3 | S5: 0 | T5: 46247.328
A6: {=INDEX(BenchmarkResults!$B$1:$D$35,SUMPRODUCT((T6>=BenchmarkResults!$F$2:$F$35)*(mysql_hardware_log!T6<BenchmarkResults!$G$2:$G$35)*ROW(BenchmarkResults!$F$2:$F$35)),{1,3})} -> q1_top_cities | B6: 1 | C6: 2 | D6: 0 | E6: 470016 | F6: 767876 | G6: 22760 | H6: 1643632 | I6: 0 | J6: 0 | K6: 10352 | L6: 2 | M6: 2182 | N6: 671 | O6: 45 | P6: 26 | Q6: 27 | R6: 1 | S6: 0 | T6: 46247.328
A7: {=INDEX(BenchmarkResults!$B$1:$D$35,SUMPRODUCT((T7>=BenchmarkResults!$F$2:$F$35)*(mysql_hardware_log!T7<BenchmarkResults!$G$2:$G$35)*ROW(BenchmarkResults!$F$2:$F$35)),{1,3})} -> q1_top_cities | B7: 1 | C7: 1 | D7: 0 | E7: 470016 | F7: 2496300 | G7: 7468 | H7: 1218116 | I7: 8 | J7: 0 | K7: 13053 | L7: 2 | M7: 2397 | N7: 1174 | O7: 45 | P7: 24 | Q7: 29 | R7: 1 | S7: 0 | T7: 46247.328
A8: {=INDEX(BenchmarkResults!$B$1:$D$35,SUMPRODUCT((T8>=BenchmarkResults!$F$2:$F$35)*(mysql_hardware_log!T8<BenchmarkResults!$G$2:$G$35)*ROW(BenchmarkResults!$F$2:$F$35)),{1,3})} -> q1_top_cities | B8: 1 | C8: 1 | D8: 0 | E8: 470016 | F8: 2295204 | G8: 7476 | H8: 1417368 | I8: 0 | J8: 0 | K8: 19926 | L8: 5 | M8: 1664 | N8: 502 | O8: 43 | P8: 6 | Q8: 49 | R8: 2 | S8: 0 | T8: 46247.328 | U8: =AVERAGE(C3:C8) -> 1.3333333 | V8: =AVERAGE(D3:D8) -> 0 | W8: =AVERAGE(K3:K8) -> 16986
A9: {=INDEX(BenchmarkResults!$B$1:$D$35,SUMPRODUCT((T9>=BenchmarkResults!$F$2:$F$35)*(mysql_hardware_log!T9<BenchmarkResults!$G$2:$G$35)*ROW(BenchmarkResults!$F$2:$F$35)),{1,3})} -> q1_top_cities | B9: 1 | C9: 1 | D9: 0 | E9: 470016 | F9: 2099152 | G9: 7488 | H9: 1614588 | I9: 0 | J9: 0 | K9: 19722 | L9: 2 | M9: 1677 | N9: 535 | O9: 43 | P9: 6 | Q9: 49 | R9: 2 | S9: 0 | T9: 46247.328 | U9: =AVERAGE(C4:C9) -> 1.1666667 | V9: =AVERAGE(D4:D9) -> 0 | W9: =AVERAGE(K4:K9) -> 16857.833
A10: {=INDEX(BenchmarkResults!$B$1:$D$35,SUMPRODUCT((T10>=BenchmarkResults!$F$2:$F$35)*(mysql_hardware_log!T10<BenchmarkResults!$G$2:$G$35)*ROW(BenchmarkResults!$F$2:$F$35)),{1,3})} -> q1_top_cities | B10: 1 | C10: 1 | D10: 0 | E10: 470016 | F10: 1926280 | G10: 7496 | H10: 1815040 | I10: 8 | J10: 0 | K10: 20049 | L10: 38 | M10: 1713 | N10: 594 | O10: 43 | P10: 6 | Q10: 49 | R10: 2 | S10: 0 | T10: 46247.328 | U10: =AVERAGE(C5:C10) -> 1.1666667 | V10: =AVERAGE(D5:D10) -> 0 | W10: =AVERAGE(K5:K10) -> 16900.333
A11: {=INDEX(BenchmarkResults!$B$1:$D$35,SUMPRODUCT((T11>=BenchmarkResults!$F$2:$F$35)*(mysql_hardware_log!T11<BenchmarkResults!$G$2:$G$35)*ROW(BenchmarkResults!$F$2:$F$35)),{1,3})} -> q1_top_cities | B11: 1 | C11: 1 | D11: 0 | E11: 469760 | F11: 1740304 | G11: 7504 | H11: 1999268 | I11: 19 | J11: 0 | K11: 18447 | L11: 4 | M11: 1625 | N11: 525 | O11: 43 | P11: 6 | Q11: 49 | R11: 2 | S11: 0 | T11: 46247.329 | U11: =AVERAGE(C6:C11) -> 1.1666667 | V11: =AVERAGE(D6:D11) -> 0 | W11: =AVERAGE(K6:K11) -> 16924.833
A12: {=INDEX(BenchmarkResults!$B$1:$D$35,SUMPRODUCT((T12>=BenchmarkResults!$F$2:$F$35)*(mysql_hardware_log!T12<BenchmarkResults!$G$2:$G$35)*ROW(BenchmarkResults!$F$2:$F$35)),{1,3})} -> q1_top_cities | B12: 1 | C12: 1 | D12: 0 | E12: 469760 | F12: 1547272 | G12: 7512 | H12: 2194132 | I12: 26 | J12: 0 | K12: 19512 | L12: 2 | M12: 1656 | N12: 570 | O12: 43 | P12: 6 | Q12: 49 | R12: 2 | S12: 0 | T12: 46247.329 | U12: =AVERAGE(C7:C12) -> 1 | V12: =AVERAGE(D7:D12) -> 0 | W12: =AVERAGE(K7:K12) -> 18451.5
A13: {=INDEX(BenchmarkResults!$B$1:$D$35,SUMPRODUCT((T13>=BenchmarkResults!$F$2:$F$35)*(mysql_hardware_log!T13<BenchmarkResults!$G$2:$G$35)*ROW(BenchmarkResults!$F$2:$F$35)),{1,3})} -> q1_top_cities | B13: 1 | C13: 1 | D13: 0 | E13: 469760 | F13: 1354020 | G13: 7520 | H13: 2384800 | I13: 14 | J13: 0 | K13: 19083 | L13: 2 | M13: 1623 | N13: 510 | O13: 43 | P13: 6 | Q13: 49 | R13: 2 | S13: 0 | T13: 46247.329 | U13: =AVERAGE(C8:C13) -> 1 | V13: =AVERAGE(D8:D13) -> 0 | W13: =AVERAGE(K8:K13) -> 19456.5
A14: {=INDEX(BenchmarkResults!$B$1:$D$35,SUMPRODUCT((T14>=BenchmarkResults!$F$2:$F$35)*(mysql_hardware_log!T14<BenchmarkResults!$G$2:$G$35)*ROW(BenchmarkResults!$F$2:$F$35)),{1,3})} -> q1_top_cities | B14: 1 | C14: 1 | D14: 0 | E14: 469248 | F14: 1171320 | G14: 7528 | H14: 2570760 | I14: 31 | J14: 0 | K14: 18626 | L14: 7 | M14: 1647 | N14: 493 | O14: 43 | P14: 6 | Q14: 49 | R14: 2 | S14: 0 | T14: 46247.329 | U14: =AVERAGE(C9:C14) -> 1 | V14: =AVERAGE(D9:D14) -> 0 | W14: =AVERAGE(K9:K14) -> 19239.833
A15: {=INDEX(BenchmarkResults!$B$1:$D$35,SUMPRODUCT((T15>=BenchmarkResults!$F$2:$F$35)*(mysql_hardware_log!T15<BenchmarkResults!$G$2:$G$35)*ROW(BenchmarkResults!$F$2:$F$35)),{1,3})} -> q1_top_cities | B15: 1 | C15: 1 | D15: 0 | E15: 469248 | F15: 973500 | G15: 7536 | H15: 2769104 | I15: 2 | J15: 0 | K15: 19833 | L15: 4 | M15: 1681 | N15: 538 | O15: 43 | P15: 6 | Q15: 49 | R15: 2 | S15: 0 | T15: 46247.329 | U15: =AVERAGE(C10:C15) -> 1 | V15: =AVERAGE(D10:D15) -> 0 | W15: =AVERAGE(K10:K15) -> 19258.333
A16: {=INDEX(BenchmarkResults!$B$1:$D$35,SUMPRODUCT((T16>=BenchmarkResults!$F$2:$F$35)*(mysql_hardware_log!T16<BenchmarkResults!$G$2:$G$35)*ROW(BenchmarkResults!$F$2:$F$35)),{1,3})} -> q1_top_cities | B16: 1 | C16: 1 | D16: 0 | E16: 469248 | F16: 848004 | G16: 7544 | H16: 2885604 | I16: 15 | J16: 0 | K16: 11662 | L16: 2 | M16: 996 | N16: 351 | O16: 32 | P16: 5 | Q16: 62 | R16: 1 | S16: 0 | T16: 46247.329 | U16: =AVERAGE(C11:C16) -> 1 | V16: =AVERAGE(D11:D16) -> 0 | W16: =AVERAGE(K11:K16) -> 17860.5
A17: {=INDEX(BenchmarkResults!$B$1:$D$35,SUMPRODUCT((T17>=BenchmarkResults!$F$2:$F$35)*(mysql_hardware_log!T17<BenchmarkResults!$G$2:$G$35)*ROW(BenchmarkResults!$F$2:$F$35)),{1,3})} -> q1_top_cities | B17: 1 | C17: 1 | D17: 0 | E17: 469248 | F17: 741436 | G17: 7552 | H17: 2992908 | I17: 15 | J17: 0 | K17: 10751 | L17: 17 | M17: 901 | N17: 339 | O17: 29 | P17: 4 | Q17: 65 | R17: 1 | S17: 0 | T17: 46247.329 | U17: =AVERAGE(C12:C17) -> 1 | V17: =AVERAGE(D12:D17) -> 0 | W17: =AVERAGE(K12:K17) -> 16577.833
A18: {=INDEX(BenchmarkResults!$B$1:$D$35,SUMPRODUCT((T18>=BenchmarkResults!$F$2:$F$35)*(mysql_hardware_log!T18<BenchmarkResults!$G$2:$G$35)*ROW(BenchmarkResults!$F$2:$F$35)),{1,3})} -> q1_top_cities | B18: 1 | C18: 2 | D18: 0 | E18: 469248 | F18: 638872 | G18: 7560 | H18: 3101960 | I18: 0 | J18: 0 | K18: 10902 | L18: 2 | M18: 893 | N18: 323 | O18: 30 | P18: 4 | Q18: 65 | R18: 1 | S18: 0 | T18: 46247.329 | U18: =AVERAGE(C13:C18) -> 1.1666667 | V18: =AVERAGE(D13:D18) -> 0 | W18: =AVERAGE(K13:K18) -> 15142.833
A19: {=INDEX(BenchmarkResults!$B$1:$D$35,SUMPRODUCT((T19>=BenchmarkResults!$F$2:$F$35)*(mysql_hardware_log!T19<BenchmarkResults!$G$2:$G$35)*ROW(BenchmarkResults!$F$2:$F$35)),{1,3})} -> q1_top_cities | B19: 1 | C19: 1 | D19: 0 | E19: 468992 | F19: 533284 | G19: 7568 | H19: 3208704 | I19: 33 | J19: 0 | K19: 10705 | L19: 2 | M19: 873 | N19: 306 | O19: 30 | P19: 4 | Q19: 65 | R19: 1 | S19: 0 | T19: 46247.33 | U19: =AVERAGE(C14:C19) -> 1.1666667 | V19: =AVERAGE(D14:D19) -> 0 | W19: =AVERAGE(K14:K19) -> 13746.5
... A722: {=INDEX(BenchmarkResults!$B$1:$D$35,SUMPRODUCT((T722>=BenchmarkResults!$F$2:$F$35)*(mysql_hardware_log!T722<BenchmarkResults!$G$2:$G$35)*ROW(BenchmarkResults!$F$2:$F$35)),{1,3})} -> q6_inactive_customers | B722: 3 | C722: 1 | D722: 0 | E722: 428800 | F722: 1415980 | G722: 1288 | H722: 2278632 | I722: 0 | J722: 0 | K722: 755 | L722: 2 | M722: 815 | N722: 277 | O722: 23 | P722: 11 | Q722: 65 | R722: 0 | S722: 0 | T722: 46247.411 | U722: =AVERAGE(C717:C722) -> 1 | V722: =AVERAGE(D717:D722) -> 0 | W722: =AVERAGE(K717:K722) -> 787.33333

Sheet mongodb_hardware_log
A1: Query Details | C1: Procs | E1: Memory | I1: Swap | K1: I/O | M1: System | O1: CPU | T1: Timestamp | U1: Calculated
A2: Query | B2: Iteration | C2: r | D2: b | E2: swpd | F2: free | G2: buff | H2: cache | I2: si | J2: so | K2: bi | L2: bo | M2: in | N2: cs | O2: us | P2: sy | Q2: id | R2: wa | S2: st | T2: UTC | U2: Rolling r | V2: Rolling b | W2: Rolling bi
A3: q1_top_cities | B3: 1 | C3: 1 | D3: 0 | E3: 54528 | F3: 180664 | G3: 2048 | H3: 2351504 | I3: 0 | J3: 0 | K3: 13744 | L3: 33 | M3: 2720 | N3: 1584 | O3: 18 | P3: 14 | Q3: 47 | R3: 21 | S3: 0 | T3: 46247.484
A4: q1_top_cities | B4: 1 | C4: 1 | D4: 0 | E4: 54528 | F4: 171640 | G4: 1756 | H4: 2336992 | I4: 0 | J4: 0 | K4: 18805 | L4: 14 | M4: 3072 | N4: 1968 | O4: 20 | P4: 7 | Q4: 47 | R4: 25 | S4: 0 | T4: 46247.485
A5: q1_top_cities | B5: 1 | C5: 0 | D5: 0 | E5: 54528 | F5: 178604 | G5: 1764 | H5: 2257536 | I5: 0 | J5: 0 | K5: 22474 | L5: 43 | M5: 2931 | N5: 1814 | O5: 18 | P5: 7 | Q5: 47 | R5: 27 | S5: 0 | T5: 46247.485
A6: q1_top_cities | B6: 1 | C6: 1 | D6: 0 | E6: 54528 | F6: 111656 | G6: 1812 | H6: 2281708 | I6: 0 | J6: 0 | K6: 22691 | L6: 47 | M6: 2947 | N6: 1856 | O6: 19 | P6: 6 | Q6: 47 | R6: 27 | S6: 0 | T6: 46247.485
A7: q1_top_cities | B7: 1 | C7: 0 | D7: 1 | E7: 54528 | F7: 119072 | G7: 1820 | H7: 2281844 | I7: 0 | J7: 0 | K7: 20289 | L7: 17 | M7: 2823 | N7: 1718 | O7: 20 | P7: 6 | Q7: 47 | R7: 26 | S7: 0 | T7: 46247.485
A8: q1_top_cities | B8: 1 | C8: 1 | D8: 0 | E8: 54528 | F8: 189092 | G8: 1828 | H8: 2178180 | I8: 0 | J8: 0 | K8: 20046 | L8: 10 | M8: 3195 | N8: 2266 | O8: 19 | P8: 9 | Q8: 46 | R8: 26 | S8: 0 | T8: 46247.485 | U8: =AVERAGE(C3:C8) -> 0.66666667 | V8: =AVERAGE(D3:D8) -> 0.16666667 | W8: =AVERAGE(K3:K8) -> 19674.833
A9: q1_top_cities | B9: 1 | C9: 1 | D9: 0 | E9: 54528 | F9: 141284 | G9: 1808 | H9: 2237812 | I9: 0 | J9: 0 | K9: 19798 | L9: 44 | M9: 3120 | N9: 1886 | O9: 20 | P9: 7 | Q9: 47 | R9: 26 | S9: 0 | T9: 46247.485 | U9: =AVERAGE(C4:C9) -> 0.66666667 | V9: =AVERAGE(D4:D9) -> 0.16666667 | W9: =AVERAGE(K4:K9) -> 20683.833
A10: q1_top_cities | B10: 1 | C10: 0 | D10: 1 | E10: 54528 | F10: 112796 | G10: 1804 | H10: 2256136 | I10: 0 | J10: 0 | K10: 22110 | L10: 12 | M10: 3131 | N10: 1944 | O10: 18 | P10: 6 | Q10: 48 | R10: 28 | S10: 0 | T10: 46247.485 | U10: =AVERAGE(C5:C10) -> 0.5 | V10: =AVERAGE(D5:D10) -> 0.33333333 | W10: =AVERAGE(K5:K10) -> 21234.667
A11: q1_top_cities | B11: 1 | C11: 2 | D11: 0 | E11: 54528 | F11: 181628 | G11: 1264 | H11: 2173144 | I11: 0 | J11: 8 | K11: 22801 | L11: 52 | M11: 3070 | N11: 1934 | O11: 19 | P11: 6 | Q11: 47 | R11: 27 | S11: 0 | T11: 46247.485 | U11: =AVERAGE(C6:C11) -> 0.83333333 | V11: =AVERAGE(D6:D11) -> 0.33333333 | W11: =AVERAGE(K6:K11) -> 21289.167
A12: q1_top_cities | B12: 1 | C12: 2 | D12: 0 | E12: 54528 | F12: 162008 | G12: 1048 | H12: 2199720 | I12: 0 | J12: 6 | K12: 19075 | L12: 54 | M12: 2964 | N12: 1756 | O12: 20 | P12: 7 | Q12: 47 | R12: 26 | S12: 0 | T12: 46247.485 | U12: =AVERAGE(C7:C12) -> 1 | V12: =AVERAGE(D7:D12) -> 0.33333333 | W12: =AVERAGE(K7:K12) -> 20686.5
A13: q1_top_cities | B13: 1 | C13: 0 | D13: 1 | E13: 54528 | F13: 136624 | G13: 632 | H13: 2217256 | I13: 0 | J13: 0 | K13: 27483 | L13: 5 | M13: 3046 | N13: 1949 | O13: 14 | P13: 7 | Q13: 47 | R13: 31 | S13: 0 | T13: 46247.486 | U13: =AVERAGE(C8:C13) -> 1 | V13: =AVERAGE(D8:D13) -> 0.33333333 | W13: =AVERAGE(K8:K13) -> 21885.5
A14: q1_top_cities | B14: 1 | C14: 0 | D14: 1 | E14: 54528 | F14: 163896 | G14: 776 | H14: 2200616 | I14: 0 | J14: 0 | K14: 20585 | L14: 16 | M14: 2954 | N14: 1807 | O14: 20 | P14: 6 | Q14: 47 | R14: 26 | S14: 0 | T14: 46247.486 | U14: =AVERAGE(C9:C14) -> 0.83333333 | V14: =AVERAGE(D9:D14) -> 0.5 | W14: =AVERAGE(K9:K14) -> 21975.333
A15: q1_top_cities | B15: 1 | C15: 1 | D15: 0 | E15: 54528 | F15: 108892 | G15: 784 | H15: 2250088 | I15: 0 | J15: 0 | K15: 21581 | L15: 11 | M15: 2697 | N15: 1752 | O15: 20 | P15: 6 | Q15: 48 | R15: 26 | S15: 0 | T15: 46247.486 | U15: =AVERAGE(C10:C15) -> 0.83333333 | V15: =AVERAGE(D10:D15) -> 0.5 | W15: =AVERAGE(K10:K15) -> 22272.5
A16: q1_top_cities | B16: 1 | C16: 1 | D16: 0 | E16: 54528 | F16: 137972 | G16: 680 | H16: 2230324 | I16: 0 | J16: 0 | K16: 25400 | L16: 31 | M16: 3154 | N16: 2113 | O16: 17 | P16: 7 | Q16: 47 | R16: 29 | S16: 0 | T16: 46247.486 | U16: =AVERAGE(C11:C16) -> 1 | V16: =AVERAGE(D11:D16) -> 0.33333333 | W16: =AVERAGE(K11:K16) -> 22820.833
A17: q1_top_cities | B17: 1 | C17: 1 | D17: 0 | E17: 54528 | F17: 110860 | G17: 688 | H17: 2247820 | I17: 0 | J17: 0 | K17: 17959 | L17: 10 | M17: 2624 | N17: 1579 | O17: 20 | P17: 6 | Q17: 48 | R17: 25 | S17: 0 | T17: 46247.486 | U17: =AVERAGE(C12:C17) -> 0.83333333 | V17: =AVERAGE(D12:D17) -> 0.33333333 | W17: =AVERAGE(K12:K17) -> 22013.833
A18: q1_top_cities | B18: 1 | C18: 1 | D18: 0 | E18: 54528 | F18: 146204 | G18: 728 | H18: 2213440 | I18: 0 | J18: 0 | K18: 18437 | L18: 38 | M18: 2774 | N18: 1687 | O18: 15 | P18: 6 | Q18: 47 | R18: 30 | S18: 1 | T18: 46247.486 | U18: =AVERAGE(C13:C18) -> 0.66666667 | V18: =AVERAGE(D13:D18) -> 0.33333333 | W18: =AVERAGE(K13:K18) -> 21907.5
A19: q1_top_cities | B19: 1 | C19: 1 | D19: 0 | E19: 54528 | F19: 157244 | G19: 736 | H19: 2202744 | I19: 0 | J19: 0 | K19: 20383 | L19: 10 | M19: 2924 | N19: 1919 | O19: 16 | P19: 7 | Q19: 47 | R19: 29 | S19: 1 | T19: 46247.486 | U19: =AVERAGE(C14:C19) -> 0.83333333 | V19: =AVERAGE(D14:D19) -> 0.16666667 | W19: =AVERAGE(K14:K19) -> 20724.167
... A361: q1_top_cities | B361: 1 | C361: 0 | D361: 1 | E361: 135424 | F361: 133936 | G361: 252 | H361: 2262244 | I361: 0 | J361: 2 | K361: 13572 | L361: 9 | M361: 2432 | N361: 1434 | O361: 19 | P361: 6 | Q361: 51 | R361: 24 | S361: 1 | T361: 46247.526 | U361: =AVERAGE(C356:C361) -> 0.33333333 | V361: =AVERAGE(D356:D361) -> 0.66666667 | W361: =AVERAGE(K356:K361) -> 13672.333
A362: {=INDEX(BenchmarkResults!$B$1:$D$35,SUMPRODUCT((T362>=BenchmarkResults!$F$3:$F$35)*(mongodb_hardware_log!T362<BenchmarkResults!$G$3:$G$35)*ROW(BenchmarkResults!$F$3:$F$35)),{1,3})} -> q2_avg_order_city | B362: 1 | C362: 2 | D362: 0 | E362: 135424 | F362: 141784 | G362: 260 | H362: 2264696 | I362: 48 | J362: 0 | K362: 13536 | L362: 12 | M362: 2446 | N362: 1565 | O362: 20 | P362: 7 | Q362: 49 | R362: 24 | S362: 1 | T362: 46247.526 | U362: =AVERAGE(C357:C362) -> 0.66666667 | V362: =AVERAGE(D357:D362) -> 0.5 | W362: =AVERAGE(K357:K362) -> 13853.167
A363: {=INDEX(BenchmarkResults!$B$1:$D$35,SUMPRODUCT((T363>=BenchmarkResults!$F$3:$F$35)*(mongodb_hardware_log!T363<BenchmarkResults!$G$3:$G$35)*ROW(BenchmarkResults!$F$3:$F$35)),{1,3})} -> q2_avg_order_city | B363: 1 | C363: 1 | D363: 0 | E363: 135168 | F363: 123900 | G363: 408 | H363: 2277976 | I363: 8 | J363: 0 | K363: 1350 | L363: 40 | M363: 769 | N363: 251 | O363: 34 | P363: 1 | Q363: 64 | R363: 1 | S363: 0 | T363: 46247.526 | U363: =AVERAGE(C358:C363) -> 0.83333333 | V363: =AVERAGE(D358:D363) -> 0.33333333 | W363: =AVERAGE(K358:K363) -> 11856
A364: {=INDEX(BenchmarkResults!$B$1:$D$35,SUMPRODUCT((T364>=BenchmarkResults!$F$3:$F$35)*(mongodb_hardware_log!T364<BenchmarkResults!$G$3:$G$35)*ROW(BenchmarkResults!$F$3:$F$35)),{1,3})} -> q2_avg_order_city | B364: 1 | C364: 1 | D364: 0 | E364: 135168 | F364: 116116 | G364: 416 | H364: 2283708 | I364: 0 | J364: 0 | K364: 573 | L364: 14 | M364: 713 | N364: 217 | O364: 33 | P364: 1 | Q364: 65 | R364: 0 | S364: 0 | T364: 46247.526 | U364: =AVERAGE(C359:C364) -> 1 | V364: =AVERAGE(D359:D364) -> 0.16666667 | W364: =AVERAGE(K359:K364) -> 9367.1667
A365: {=INDEX(BenchmarkResults!$B$1:$D$35,SUMPRODUCT((T365>=BenchmarkResults!$F$3:$F$35)*(mongodb_hardware_log!T365<BenchmarkResults!$G$3:$G$35)*ROW(BenchmarkResults!$F$3:$F$35)),{1,3})} -> q2_avg_order_city | B365: 1 | C365: 1 | D365: 0 | E365: 135168 | F365: 114224 | G365: 440 | H365: 2289064 | I365: 8 | J365: 0 | K365: 566 | L365: 30 | M365: 742 | N365: 252 | O365: 34 | P365: 1 | Q365: 64 | R365: 0 | S365: 0 | T365: 46247.526 | U365: =AVERAGE(C360:C365) -> 1 | V365: =AVERAGE(D360:D365) -> 0.16666667 | W365: =AVERAGE(K360:K365) -> 7495.8333
A366: {=INDEX(BenchmarkResults!$B$1:$D$35,SUMPRODUCT((T366>=BenchmarkResults!$F$3:$F$35)*(mongodb_hardware_log!T366<BenchmarkResults!$G$3:$G$35)*ROW(BenchmarkResults!$F$3:$F$35)),{1,3})} -> q2_avg_order_city | B366: 1 | C366: 1 | D366: 0 | E366: 134912 | F366: 111636 | G366: 612 | H366: 2293804 | I366: 8 | J366: 0 | K366: 482 | L366: 43 | M366: 731 | N366: 224 | O366: 33 | P366: 1 | Q366: 65 | R366: 0 | S366: 0 | T366: 46247.526 | U366: =AVERAGE(C361:C366) -> 1 | V366: =AVERAGE(D361:D366) -> 0.16666667 | W366: =AVERAGE(K361:K366) -> 5013.1667
A367: {=INDEX(BenchmarkResults!$B$1:$D$35,SUMPRODUCT((T367>=BenchmarkResults!$F$3:$F$35)*(mongodb_hardware_log!T367<BenchmarkResults!$G$3:$G$35)*ROW(BenchmarkResults!$F$3:$F$35)),{1,3})} -> q2_avg_order_city | B367: 1 | C367: 1 | D367: 0 | E367: 134912 | F367: 145528 | G367: 628 | H367: 2259004 | I367: 0 | J367: 0 | K367: 744 | L367: 38 | M367: 820 | N367: 318 | O367: 34 | P367: 1 | Q367: 64 | R367: 0 | S367: 0 | T367: 46247.527 | U367: =AVERAGE(C362:C367) -> 1.1666667 | V367: =AVERAGE(D362:D367) -> 0 | W367: =AVERAGE(K362:K367) -> 2875.1667
A368: {=INDEX(BenchmarkResults!$B$1:$D$35,SUMPRODUCT((T368>=BenchmarkResults!$F$3:$F$35)*(mongodb_hardware_log!T368<BenchmarkResults!$G$3:$G$35)*ROW(BenchmarkResults!$F$3:$F$35)),{1,3})} -> q2_avg_order_city | B368: 1 | C368: 1 | D368: 0 | E368: 134912 | F368: 139228 | G368: 636 | H368: 2265344 | I368: 0 | J368: 0 | K368: 638 | L368: 12 | M368: 717 | N368: 214 | O368: 33 | P368: 1 | Q368: 65 | R368: 0 | S368: 0 | T368: 46247.527 | U368: =AVERAGE(C363:C368) -> 1 | V368: =AVERAGE(D363:D368) -> 0 | W368: =AVERAGE(K363:K368) -> 725.5
A369: {=INDEX(BenchmarkResults!$B$1:$D$35,SUMPRODUCT((T369>=BenchmarkResults!$F$3:$F$35)*(mongodb_hardware_log!T369<BenchmarkResults!$G$3:$G$35)*ROW(BenchmarkResults!$F$3:$F$35)),{1,3})} -> q2_avg_order_city | B369: 1 | C369: 1 | D369: 0 | E369: 134912 | F369: 131416 | G369: 648 | H369: 2272628 | I369: 0 | J369: 0 | K369: 724 | L369: 14 | M369: 712 | N369: 212 | O369: 34 | P369: 1 | Q369: 65 | R369: 0 | S369: 0 | T369: 46247.527 | U369: =AVERAGE(C364:C369) -> 1 | V369: =AVERAGE(D364:D369) -> 0 | W369: =AVERAGE(K364:K369) -> 621.16667
A370: {=INDEX(BenchmarkResults!$B$1:$D$35,SUMPRODUCT((T370>=BenchmarkResults!$F$3:$F$35)*(mongodb_hardware_log!T370<BenchmarkResults!$G$3:$G$35)*ROW(BenchmarkResults!$F$3:$F$35)),{1,3})} -> q2_avg_order_city | B370: 1 | C370: 1 | D370: 0 | E370: 134912 | F370: 128360 | G370: 656 | H370: 2276988 | I370: 0 | J370: 0 | K370: 436 | L370: 16 | M370: 713 | N370: 214 | O370: 34 | P370: 1 | Q370: 65 | R370: 0 | S370: 0 | T370: 46247.527 | U370: =AVERAGE(C365:C370) -> 1 | V370: =AVERAGE(D365:D370) -> 0 | W370: =AVERAGE(K365:K370) -> 598.33333
A371: {=INDEX(BenchmarkResults!$B$1:$D$35,SUMPRODUCT((T371>=BenchmarkResults!$F$3:$F$35)*(mongodb_hardware_log!T371<BenchmarkResults!$G$3:$G$35)*ROW(BenchmarkResults!$F$3:$F$35)),{1,3})} -> q2_avg_order_city | B371: 1 | C371: 1 | D371: 0 | E371: 134912 | F371: 121052 | G371: 664 | H371: 2284240 | I371: 1 | J371: 0 | K371: 726 | L371: 12 | M371: 725 | N371: 221 | O371: 33 | P371: 1 | Q371: 65 | R371: 0 | S371: 1 | T371: 46247.527 | U371: =AVERAGE(C366:C371) -> 1 | V371: =AVERAGE(D366:D371) -> 0 | W371: =AVERAGE(K366:K371) -> 625
A372: {=INDEX(BenchmarkResults!$B$1:$D$35,SUMPRODUCT((T372>=BenchmarkResults!$F$3:$F$35)*(mongodb_hardware_log!T372<BenchmarkResults!$G$3:$G$35)*ROW(BenchmarkResults!$F$3:$F$35)),{1,3})} -> q2_avg_order_city | B372: 1 | C372: 1 | D372: 0 | E372: 134912 | F372: 108704 | G372: 732 | H372: 2290544 | I372: 5 | J372: 0 | K372: 630 | L372: 42 | M372: 745 | N372: 235 | O372: 33 | P372: 1 | Q372: 63 | R372: 2 | S372: 1 | T372: 46247.527 | U372: =AVERAGE(C367:C372) -> 1 | V372: =AVERAGE(D367:D372) -> 0 | W372: =AVERAGE(K367:K372) -> 649.66667
A373: {=INDEX(BenchmarkResults!$B$1:$D$35,SUMPRODUCT((T373>=BenchmarkResults!$F$3:$F$35)*(mongodb_hardware_log!T373<BenchmarkResults!$G$3:$G$35)*ROW(BenchmarkResults!$F$3:$F$35)),{1,3})} -> q2_avg_order_city | B373: 1 | C373: 1 | D373: 0 | E373: 134912 | F373: 108960 | G373: 740 | H373: 2295440 | I373: 0 | J373: 0 | K373: 488 | L373: 2 | M373: 731 | N373: 225 | O373: 33 | P373: 1 | Q373: 65 | R373: 0 | S373: 1 | T373: 46247.527 | U373: =AVERAGE(C368:C373) -> 1 | V373: =AVERAGE(D368:D373) -> 0 | W373: =AVERAGE(K368:K373) -> 607
... A3476: {=INDEX(BenchmarkResults!$B$1:$D$35,SUMPRODUCT((T3476>=BenchmarkResults!$F$3:$F$35)*(mongodb_hardware_log!T3476<BenchmarkResults!$G$3:$G$35)*ROW(BenchmarkResults!$F$3:$F$35)),{1,3})} -> q6_inactive_customers | B3476: 3 | C3476: 1 | D3476: 0 | E3476: 179968 | F3476: 150976 | G3476: 13044 | H3476: 2247752 | I3476: 0 | J3476: 0 | K3476: 4766 | L3476: 45 | M3476: 1762 | N3476: 550 | O3476: 16 | P3476: 4 | Q3476: 80 | R3476: 0 | S3476: 0 | T3476: 46247.829 | U3476: =AVERAGE(C3471:C3476) -> 0.16666667 | V3476: =AVERAGE(D3471:D3476) -> 0 | W3476: =AVERAGE(K3471:K3476) -> 4753.8333
